stock_name,total_funds,funds_with_top5,hidden_count,HiddenRatio,coverage_flag
*ST东通,2,1,1,1.0,True
*ST中地,2,0,0,,False
*ST凯鑫,3,2,2,1.0,True
*ST南置,2,2,2,1.0,True
*ST大晟,1,0,0,,False
*ST天择,5,4,4,1.0,True
*ST天茂,6,1,1,1.0,True
*ST奥维,1,1,1,1.0,True
*ST新元,1,0,0,,False
*ST松发,10,8,3,0.375,True
*ST椰岛,1,1,1,1.0,True
*ST汇科,3,1,0,0.0,True
*ST生物,1,0,0,,False
*ST紫天,1,1,1,1.0,True
*ST铖昌,2,2,1,0.5,True
ST中青宝,1,0,0,,False
ST华通,10,9,1,0.1111111111111111,True
ST华铭,1,1,1,1.0,True
ST广物,1,1,1,1.0,True
ST应急,2,0,0,,False
ST未名,1,0,0,,False
ST葫芦娃,1,0,0,,False
ST诺泰,10,10,5,0.5,True
ST逸飞,1,1,1,1.0,True
TCL中环,10,7,7,1.0,True
TCL智家,10,10,10,1.0,True
TCL科技,10,7,2,0.2857142857142857,True
一博科技,4,3,3,1.0,True
一品红,10,10,6,0.6,True
一心堂,10,8,2,0.25,True
一拖股份,6,3,3,1.0,True
一汽解放,3,2,2,1.0,True
一致魔芋,2,2,2,1.0,True
一鸣食品,1,1,1,1.0,True
七一二,10,9,4,0.4444444444444444,True
七匹狼,3,3,3,1.0,True
万业企业,4,1,1,1.0,True
万东医疗,4,2,2,1.0,True
万丰奥威,10,9,4,0.4444444444444444,True
万丰股份,1,1,1,1.0,True
万兴科技,2,1,0,0.0,True
万凯新材,3,3,3,1.0,True
万华化学,10,6,2,0.3333333333333333,True
万向德农,1,1,1,1.0,True
万向钱潮,5,4,4,1.0,True
万和电气,5,5,4,0.8,True
万孚生物,2,1,0,0.0,True
万安科技,1,1,0,0.0,True
万得凯,1,1,1,1.0,True
万德斯,3,2,2,1.0,True
万朗磁塑,1,1,1,1.0,True
万泰生物,10,1,0,0.0,True
万泽股份,6,3,3,1.0,True
万润新能,1,1,1,1.0,True
万润科技,1,0,0,,False
万润股份,1,1,0,0.0,True
万源通,1,1,1,1.0,True
万祥科技,3,2,2,1.0,True
万科A,10,3,2,0.6666666666666666,True
万辰集团,10,9,4,0.4444444444444444,True
万达信息,2,2,0,0.0,True
万达电影,7,3,1,0.3333333333333333,True
万通发展,2,0,0,,False
万通智控,1,1,1,1.0,True
万通液压,5,5,2,0.4,True
万邦医药,1,0,0,,False
万里股份,1,1,1,1.0,True
万里马,1,1,1,1.0,True
万隆光电,1,1,1,1.0,True
万集科技,4,4,4,1.0,True
万顺新材,1,0,0,,False
万马股份,3,0,0,,False
三一重工,10,7,5,0.7142857142857143,True
三一重能,8,6,6,1.0,True
三七互娱,10,2,2,1.0,True
三丰智能,4,1,1,1.0,True
三人行,3,2,2,1.0,True
三元生物,1,1,1,1.0,True
三元股份,1,1,1,1.0,True
三全食品,1,1,0,0.0,True
三六零,10,1,1,1.0,True
三利谱,10,10,4,0.4,True
三博脑科,1,0,0,,False
三友化工,3,2,2,1.0,True
三友医疗,10,10,4,0.4,True
三变科技,1,0,0,,False
三只松鼠,10,9,5,0.5555555555555556,True
三夫户外,3,3,3,1.0,True
三孚股份,1,1,1,1.0,True
三安光电,10,3,3,1.0,True
三峡能源,10,2,1,0.5,True
三峰环境,5,5,4,0.8,True
三德科技,1,0,0,,False
三态股份,2,0,0,,False
三房巷,1,1,1,1.0,True
三星医疗,10,10,5,0.5,True
三晖电气,2,2,0,0.0,True
三未信安,2,1,1,1.0,True
三棵树,10,8,2,0.25,True
三江购物,1,1,1,1.0,True
三湘印象,1,0,0,,False
三特索道,7,6,4,0.6666666666666666,True
三环集团,10,6,5,0.8333333333333334,True
三生国健,10,8,7,0.875,True
三祥新材,5,5,2,0.4,True
三维化学,10,9,6,0.6666666666666666,True
三美股份,10,10,5,0.5,True
三联虹普,8,7,5,0.7142857142857143,True
三联锻造,3,3,3,1.0,True
三花智控,10,5,4,0.8,True
三角轮胎,4,4,3,0.75,True
三角防务,6,4,3,0.75,True
三诺生物,10,7,6,0.8571428571428571,True
三达膜,2,2,2,1.0,True
三鑫医疗,3,2,1,0.5,True
三钢闽光,10,9,7,0.7777777777777778,True
上声电子,8,7,5,0.7142857142857143,True
上大股份,1,1,1,1.0,True
上实发展,1,0,0,,False
上峰水泥,5,3,3,1.0,True
上汽集团,10,7,5,0.7142857142857143,True
上海临港,4,1,1,1.0,True
上海九百,1,0,0,,False
上海凤凰,1,0,0,,False
上海凯宝,3,0,0,,False
上海医药,10,7,5,0.7142857142857143,True
上海合晶,1,0,0,,False
上海家化,10,9,4,0.4444444444444444,True
上海建工,3,1,1,1.0,True
上海建科,2,0,0,,False
上海新阳,1,1,1,1.0,True
上海机场,10,4,1,0.25,True
上海机电,4,4,3,0.75,True
上海汽配,1,1,1,1.0,True
上海沪工,2,2,2,1.0,True
上海沿浦,10,8,5,0.625,True
上海洗霸,4,4,2,0.5,True
上海港湾,2,2,2,1.0,True
上海瀚讯,10,8,2,0.25,True
上海物贸,1,0,0,,False
上海环境,2,0,0,,False
上海电力,2,0,0,,False
上海电影,10,9,9,1.0,True
上海电气,2,1,0,0.0,True
上海石化,1,0,0,,False
上海能源,3,0,0,,False
上海莱士,10,3,3,1.0,True
上海谊众,2,2,2,1.0,True
上海贝岭,7,0,0,,False
上海钢联,7,5,3,0.6,True
上海银行,10,5,5,1.0,True
上港集团,10,9,8,0.8888888888888888,True
上纬新材,2,2,2,1.0,True
上能电气,8,6,5,0.8333333333333334,True
世华科技,9,9,4,0.4444444444444444,True
世嘉科技,1,1,1,1.0,True
世纪瑞尔,1,1,1,1.0,True
世纪鼎利,2,2,2,1.0,True
世联行,2,1,1,1.0,True
世运电路,8,7,4,0.5714285714285714,True
东信和平,3,2,2,1.0,True
东兴证券,10,7,6,0.8571428571428571,True
东北制药,2,1,1,1.0,True
东北证券,9,8,8,1.0,True
东华测试,1,1,1,1.0,True
东华科技,9,9,9,1.0,True
东华软件,10,2,2,1.0,True
东南电子,4,3,3,1.0,True
东吴证券,10,8,5,0.625,True
东土科技,10,7,6,0.8571428571428571,True
东威科技,10,9,4,0.4444444444444444,True
东富龙,1,1,0,0.0,True
东尼电子,2,2,2,1.0,True
东山精密,10,6,3,0.5,True
东岳硅材,7,6,6,1.0,True
东方创业,2,1,1,1.0,True
东方国信,5,2,1,0.5,True
东方日升,9,6,5,0.8333333333333334,True
东方明珠,8,5,3,0.6,True
东方材料,1,1,1,1.0,True
东方环宇,2,0,0,,False
东方生物,4,2,2,1.0,True
东方电子,6,5,3,0.6,True
东方电气,10,7,5,0.7142857142857143,True
东方电热,1,1,1,1.0,True
东方电缆,10,9,2,0.2222222222222222,True
东方盛虹,3,2,2,1.0,True
东方精工,4,1,1,1.0,True
东方证券,10,2,2,1.0,True
东方财富,10,2,2,1.0,True
东方通信,2,0,0,,False
东方钽业,10,9,8,0.8888888888888888,True
东方铁塔,1,1,0,0.0,True
东方雨虹,10,9,4,0.4444444444444444,True
东材科技,8,8,6,0.75,True
东来技术,2,2,2,1.0,True
东杰智能,2,1,1,1.0,True
东江环保,1,1,1,1.0,True
东湖高新,4,0,0,,False
东珠生态,1,1,1,1.0,True
东瑞股份,5,5,3,0.6,True
东田微,2,2,2,1.0,True
东睦股份,10,9,3,0.3333333333333333,True
东箭科技,1,1,1,1.0,True
东航物流,7,6,6,1.0,True
东芯股份,8,4,2,0.5,True
东莞控股,1,0,0,,False
东诚药业,4,4,3,0.75,True
东软集团,10,9,9,1.0,True
东阳光,10,7,1,0.14285714285714285,True
东阿阿胶,10,8,1,0.125,True
东风股份,2,0,0,,False
东鹏控股,6,6,6,1.0,True
东鹏饮料,10,5,3,0.6,True
丝路视觉,1,1,1,1.0,True
两面针,1,1,1,1.0,True
中一科技,2,2,2,1.0,True
中交设计,1,0,0,,False
中亦科技,1,0,0,,False
中京电子,2,0,0,,False
中仑新材,1,0,0,,False
中伟股份,5,4,3,0.75,True
中体产业,1,1,1,1.0,True
中信博,10,10,10,1.0,True
中信建投,9,7,7,1.0,True
中信海直,10,7,6,0.8571428571428571,True
中信特钢,10,6,4,0.6666666666666666,True
中信证券,10,2,1,0.5,True
中信重工,2,0,0,,False
中信金属,3,2,2,1.0,True
中信银行,10,9,7,0.7777777777777778,True
中储股份,1,0,0,,False
中元股份,1,1,1,1.0,True
中光防雷,4,3,1,0.3333333333333333,True
中公教育,3,0,0,,False
中兴商业,1,1,1,1.0,True
中兴通讯,10,4,1,0.25,True
中兵红箭,10,7,2,0.2857142857142857,True
中农立华,2,2,2,1.0,True
中创智领,10,8,8,1.0,True
中创物流,2,1,1,1.0,True
中力股份,10,3,3,1.0,True
中化国际,2,1,1,1.0,True
中华企业,4,2,1,0.5,True
中南传媒,10,8,8,1.0,True
中南文化,6,3,2,0.6666666666666666,True
中南股份,6,5,5,1.0,True
中原传媒,10,8,6,0.75,True
中原环保,1,0,0,,False
中原证券,4,2,2,1.0,True
中原高速,5,4,2,0.5,True
中国一重,3,2,2,1.0,True
中国东航,10,7,2,0.2857142857142857,True
中国中免,10,5,5,1.0,True
中国中冶,9,5,4,0.8,True
中国中车,10,2,1,0.5,True
中国中铁,10,2,2,1.0,True
中国交建,10,3,3,1.0,True
中国人保,10,6,3,0.5,True
中国人寿,10,4,4,1.0,True
中国出版,3,2,2,1.0,True
中国动力,10,6,6,1.0,True
中国化学,10,7,3,0.42857142857142855,True
中国医药,1,0,0,,False
中国卫星,9,4,1,0.25,True
中国卫通,8,3,2,0.6666666666666666,True
中国国航,10,6,2,0.3333333333333333,True
中国国贸,10,10,10,1.0,True
中国外运,10,6,5,0.8333333333333334,True
中国天楹,8,7,5,0.7142857142857143,True
中国太保,10,6,4,0.6666666666666666,True
中国宝安,1,0,0,,False
中国巨石,10,9,5,0.5555555555555556,True
中国平安,10,3,1,0.3333333333333333,True
中国广核,10,5,4,0.8,True
中国建筑,10,6,2,0.3333333333333333,True
中国核建,4,3,2,0.6666666666666666,True
中国核电,10,5,2,0.4,True
中国武夷,1,0,0,,False
中国汽研,10,9,7,0.7777777777777778,True
中国海油,10,10,5,0.5,True
中国海防,10,10,7,0.7,True
中国电信,10,7,3,0.42857142857142855,True
中国电建,10,3,2,0.6666666666666666,True
中国电影,1,0,0,,False
中国电研,10,8,7,0.875,True
中国石化,10,3,2,0.6666666666666666,True
中国石油,10,7,3,0.42857142857142855,True
中国神华,10,3,3,1.0,True
中国科传,3,2,2,1.0,True
中国移动,10,8,3,0.375,True
中国稀土,10,6,3,0.5,True
中国联通,10,5,1,0.2,True
中国能建,10,7,6,0.8571428571428571,True
中国船舶,10,3,2,0.6666666666666666,True
中国西电,4,3,2,0.6666666666666666,True
中国软件,10,8,3,0.375,True
中国通号,10,5,5,1.0,True
中国重工,10,2,0,0.0,True
中国重汽,10,10,10,1.0,True
中国铁建,10,2,1,0.5,True
中国铝业,10,5,5,1.0,True
中国银河,10,7,6,0.8571428571428571,True
中国银行,10,6,6,1.0,True
中国长城,10,1,1,1.0,True
中国黄金,6,5,4,0.8,True
中坚科技,10,10,6,0.6,True
中复神鹰,3,0,0,,False
中大力德,10,9,8,0.8888888888888888,True
中天火箭,1,0,0,,False
中天科技,10,9,2,0.2222222222222222,True
中威电子,1,1,1,1.0,True
中孚信息,6,6,6,1.0,True
中孚实业,10,9,9,1.0,True
中宠股份,10,10,5,0.5,True
中密控股,8,7,4,0.5714285714285714,True
中富电路,1,1,1,1.0,True
中山公用,4,1,1,1.0,True
中岩大地,9,9,9,1.0,True
中工国际,2,1,1,1.0,True
中巨芯,3,1,1,1.0,True
中广核技,1,0,0,,False
中微公司,10,4,1,0.25,True
中微半导,2,0,0,,False
中恒电气,8,8,7,0.875,True
中恒集团,1,0,0,,False
中控技术,10,7,4,0.5714285714285714,True
中文传媒,9,6,6,1.0,True
中文在线,10,10,4,0.4,True
中新赛克,3,3,3,1.0,True
中旗股份,2,2,2,1.0,True
中无人机,6,1,1,1.0,True
中晶科技,2,1,1,1.0,True
中曼石油,10,9,7,0.7777777777777778,True
中望软件,10,8,6,0.75,True
中机认检,3,2,2,1.0,True
中材国际,10,9,5,0.5555555555555556,True
中材科技,10,9,3,0.3333333333333333,True
中来股份,2,1,0,0.0,True
中核科技,4,4,4,1.0,True
中核钛白,1,0,0,,False
中欣氟材,1,1,1,1.0,True
中水渔业,1,1,1,1.0,True
中油工程,1,0,0,,False
中油资本,4,3,3,1.0,True
中泰股份,3,3,2,0.6666666666666666,True
中洲控股,1,1,1,1.0,True
中海油服,10,6,5,0.8333333333333334,True
中源协和,3,2,2,1.0,True
中炬高新,8,7,7,1.0,True
中煤能源,10,7,3,0.42857142857142855,True
中熔电气,10,10,8,0.8,True
中牧股份,2,0,0,,False
中环海陆,1,1,1,1.0,True
中瓷电子,4,3,2,0.6666666666666666,True
中电港,2,0,0,,False
中电电机,7,7,4,0.5714285714285714,True
中电鑫龙,1,1,1,1.0,True
中盐化工,3,0,0,,False
中直股份,6,6,4,0.6666666666666666,True
中石科技,7,7,7,1.0,True
中矿资源,10,7,5,0.7142857142857143,True
中科三环,5,3,3,1.0,True
中科信息,3,0,0,,False
中科创达,10,4,2,0.5,True
中科星图,10,4,3,0.75,True
中科曙光,10,3,2,0.6666666666666666,True
中科江南,3,2,2,1.0,True
中科海讯,9,9,5,0.5555555555555556,True
中科环保,3,0,0,,False
中科电气,10,8,7,0.875,True
中科蓝讯,10,8,6,0.75,True
中科软,5,3,3,1.0,True
中科通达,1,1,1,1.0,True
中科金财,7,6,6,1.0,True
中科飞测,10,8,6,0.75,True
中策橡胶,4,2,2,1.0,True
中简科技,10,9,1,0.1111111111111111,True
中粮科工,1,1,1,1.0,True
中粮科技,3,0,0,,False
中粮糖业,10,6,5,0.8333333333333334,True
中粮资本,1,0,0,,False
中红医疗,1,1,1,1.0,True
中纺标,1,1,1,1.0,True
中绿电,1,0,0,,False
中联重科,10,6,5,0.8333333333333334,True
中航光电,10,5,1,0.2,True
中航成飞,10,6,6,1.0,True
中航机载,10,2,1,0.5,True
中航沈飞,10,6,1,0.16666666666666666,True
中航西飞,10,4,3,0.75,True
中航重机,10,7,5,0.7142857142857143,True
中航高科,10,8,3,0.375,True
中船特气,2,0,0,,False
中船科技,2,0,0,,False
中船防务,6,4,3,0.75,True
中色股份,6,2,2,1.0,True
中芯国际,10,3,0,0.0,True
中视传媒,1,1,1,1.0,True
中触媒,10,10,6,0.6,True
中谷物流,10,5,5,1.0,True
中贝通信,2,1,1,1.0,True
中远海发,2,1,1,1.0,True
中远海控,10,3,2,0.6666666666666666,True
中远海特,8,4,4,1.0,True
中远海科,3,3,3,1.0,True
中远海能,10,7,7,1.0,True
中通客车,10,8,8,1.0,True
中邮科技,1,1,1,1.0,True
中金公司,10,3,3,1.0,True
中金岭南,10,7,7,1.0,True
中金黄金,10,6,2,0.3333333333333333,True
中钢国际,10,9,9,1.0,True
中钢天源,1,1,1,1.0,True
中钨高新,10,9,8,0.8888888888888888,True
中铁工业,8,5,5,1.0,True
中铁特货,1,0,0,,False
中铝国际,1,0,0,,False
中银证券,6,3,3,1.0,True
中闽能源,9,9,6,0.6666666666666666,True
中际旭创,10,2,2,1.0,True
中际联合,10,10,6,0.6,True
中集车辆,10,7,7,1.0,True
中集集团,10,9,9,1.0,True
中青旅,3,1,1,1.0,True
中顺洁柔,4,1,0,0.0,True
中颖电子,5,2,1,0.5,True
中鼎股份,10,9,8,0.8888888888888888,True
丰元股份,1,0,0,,False
丰光精密,2,2,1,0.5,True
丰原药业,1,1,1,1.0,True
丰林集团,2,2,1,0.5,True
丰立智能,5,3,2,0.6666666666666666,True
丰茂股份,9,9,9,1.0,True
丸美生物,10,10,9,0.9,True
丽江股份,2,1,1,1.0,True
丽珠集团,10,9,5,0.5555555555555556,True
久之洋,1,1,1,1.0,True
久其软件,2,2,2,1.0,True
久日新材,10,9,4,0.4444444444444444,True
久祺股份,2,2,2,1.0,True
久立特材,10,9,1,0.1111111111111111,True
久远银海,4,2,2,1.0,True
义翘神州,1,0,0,,False
之江生物,5,5,4,0.8,True
乐山电力,1,1,0,0.0,True
乐心医疗,3,3,3,1.0,True
乐普医疗,10,6,5,0.8333333333333334,True
乐歌股份,3,3,3,1.0,True
乐鑫科技,10,7,5,0.7142857142857143,True
乖宝宠物,10,10,6,0.6,True
九丰能源,10,10,2,0.2,True
九典制药,2,0,0,,False
九华旅游,10,8,5,0.625,True
九号公司,10,7,3,0.42857142857142855,True
九安医疗,10,8,8,1.0,True
九州一轨,1,1,0,0.0,True
九州通,10,9,7,0.7777777777777778,True
九强生物,7,6,6,1.0,True
九洲药业,10,9,7,0.7777777777777778,True
九牧王,1,1,1,1.0,True
九芝堂,3,3,3,1.0,True
九阳股份,1,0,0,,False
乾照光电,6,5,3,0.6,True
云中马,2,2,2,1.0,True
云从科技,2,0,0,,False
云南城投,1,0,0,,False
云南旅游,1,0,0,,False
云南白药,10,4,1,0.25,True
云南铜业,1,0,0,,False
云南锗业,3,1,1,1.0,True
云图控股,2,2,1,0.5,True
云天励飞,10,8,8,1.0,True
云天化,10,8,4,0.5,True
云意电气,4,3,3,1.0,True
云星宇,3,3,3,1.0,True
云涌科技,2,1,1,1.0,True
云煤能源,3,0,0,,False
云赛智联,9,7,4,0.5714285714285714,True
云路股份,10,9,9,1.0,True
云铝股份,10,8,6,0.75,True
五新隧装,2,2,2,1.0,True
五方光电,1,1,1,1.0,True
五洲交通,1,1,1,1.0,True
五洲医疗,1,1,1,1.0,True
五洲新春,10,9,7,0.7777777777777778,True
五洲特纸,1,1,1,1.0,True
五矿发展,2,1,1,1.0,True
五矿新能,3,2,2,1.0,True
五矿资本,1,0,0,,False
五粮液,10,6,2,0.3333333333333333,True
五芳斋,2,2,2,1.0,True
亚信安全,5,5,2,0.4,True
亚光科技,7,4,4,1.0,True
亚厦股份,1,1,1,1.0,True
亚士创能,1,1,1,1.0,True
亚太科技,10,5,5,1.0,True
亚太股份,3,0,0,,False
亚太药业,2,1,1,1.0,True
亚威股份,2,1,1,1.0,True
亚星锚链,10,8,7,0.875,True
亚普股份,5,3,3,1.0,True
亚玛顿,1,1,1,1.0,True
亚盛集团,4,3,3,1.0,True
亚翔集成,10,9,8,0.8888888888888888,True
亚联机械,2,2,2,1.0,True
亚虹医药,4,3,3,1.0,True
亚辉龙,4,3,2,0.6666666666666666,True
亚通股份,1,0,0,,False
亚钾国际,10,7,5,0.7142857142857143,True
亚香股份,5,5,5,1.0,True
交控科技,4,3,3,1.0,True
交通银行,10,2,2,1.0,True
亨通光电,10,7,6,0.8571428571428571,True
亨通股份,1,0,0,,False
京东方A,10,6,5,0.8333333333333334,True
京仪装备,10,10,9,0.9,True
京北方,5,1,1,1.0,True
京基智农,4,1,0,0.0,True
京山轻机,2,0,0,,False
京投发展,1,0,0,,False
京新药业,10,8,6,0.75,True
京沪高铁,10,6,4,0.6666666666666666,True
京粮控股,1,1,1,1.0,True
京能电力,10,7,5,0.7142857142857143,True
京能置业,1,1,1,1.0,True
京运通,4,0,0,,False
人民网,2,1,1,1.0,True
人福医药,10,10,2,0.2,True
亿嘉和,5,4,3,0.75,True
亿帆医药,2,2,1,0.5,True
亿田智能,5,5,5,1.0,True
亿纬锂能,10,6,3,0.5,True
亿联网络,10,8,8,1.0,True
亿能电力,1,1,1,1.0,True
仁信新材,1,1,1,1.0,True
仁和药业,3,0,0,,False
今创集团,3,2,2,1.0,True
仕佳光子,10,8,2,0.25,True
仕净科技,10,9,8,0.8888888888888888,True
仙乐健康,5,4,3,0.75,True
仙坛股份,2,1,1,1.0,True
仙琚制药,9,8,6,0.75,True
仙鹤股份,1,1,0,0.0,True
仟源医药,1,1,1,1.0,True
以岭药业,8,5,5,1.0,True
伊之密,10,10,7,0.7,True
伊利股份,10,4,3,0.75,True
伊力特,7,4,3,0.75,True
伊戈尔,3,3,3,1.0,True
众信旅游,2,1,1,1.0,True
众兴菌业,4,3,3,1.0,True
众合科技,2,2,1,0.5,True
众生药业,3,3,1,0.3333333333333333,True
众辰科技,5,5,5,1.0,True
众鑫股份,1,1,1,1.0,True
优利德,7,6,5,0.8333333333333334,True
优刻得,10,8,2,0.25,True
优博讯,2,2,2,1.0,True
优彩资源,3,3,3,1.0,True
优德精密,5,4,4,1.0,True
会畅通讯,4,4,4,1.0,True
会稽山,10,9,4,0.4444444444444444,True
会通股份,1,0,0,,False
伟创电气,10,9,6,0.6666666666666666,True
伟思医疗,2,2,2,1.0,True
伟明环保,10,8,1,0.125,True
伟星新材,8,4,2,0.5,True
伟星股份,10,9,3,0.3333333333333333,True
伟测科技,10,7,5,0.7142857142857143,True
传化智联,2,1,0,0.0,True
传音控股,10,6,4,0.6666666666666666,True
伯特利,10,8,5,0.625,True
佐力药业,10,8,6,0.75,True
何氏眼科,1,1,1,1.0,True
佛山照明,1,1,1,1.0,True
佛慈制药,1,1,1,1.0,True
佛燃能源,3,3,3,1.0,True
佩蒂股份,3,3,3,1.0,True
佰仁医疗,10,10,4,0.4,True
佰奥智能,6,5,4,0.8,True
佰维存储,10,5,1,0.2,True
佳力奇,2,2,2,1.0,True
佳华科技,2,2,2,1.0,True
佳士科技,1,1,1,1.0,True
佳电股份,1,1,1,1.0,True
佳缘科技,3,3,3,1.0,True
佳讯飞鸿,3,3,3,1.0,True
佳都科技,2,2,2,1.0,True
佳隆股份,1,1,1,1.0,True
佳驰科技,5,5,5,1.0,True
依依股份,2,2,2,1.0,True
依顿电子,1,0,0,,False
保利发展,10,6,2,0.3333333333333333,True
保变电气,3,1,1,1.0,True
保立佳,1,1,1,1.0,True
保隆科技,10,9,8,0.8888888888888888,True
信宇人,1,1,1,1.0,True
信安世纪,2,2,2,1.0,True
信德新材,6,4,4,1.0,True
信捷电气,10,10,7,0.7,True
信测标准,2,2,2,1.0,True
信科移动,8,6,3,0.5,True
信立泰,10,9,6,0.6666666666666666,True
信维通信,4,1,1,1.0,True
信质集团,1,1,1,1.0,True
信达地产,2,1,0,0.0,True
信达证券,10,5,5,1.0,True
信邦制药,2,1,1,1.0,True
信邦智能,2,1,1,1.0,True
信雅达,4,2,2,1.0,True
倍轻松,2,2,0,0.0,True
值得买,4,4,4,1.0,True
健之佳,5,5,4,0.8,True
健友股份,10,10,7,0.7,True
健尔康,1,0,0,,False
健帆生物,4,0,0,,False
健康元,10,8,4,0.5,True
健民集团,6,6,4,0.6666666666666666,True
健盛集团,4,4,3,0.75,True
儒竞科技,10,10,8,0.8,True
元力股份,5,5,5,1.0,True
元琛科技,1,1,1,1.0,True
元祖股份,3,2,2,1.0,True
兄弟科技,3,1,1,1.0,True
兆丰股份,1,1,1,1.0,True
兆威机电,10,9,9,1.0,True
兆易创新,10,6,3,0.5,True
兆讯传媒,1,1,1,1.0,True
兆驰股份,1,0,0,,False
兆龙互连,4,3,2,0.6666666666666666,True
先导智能,10,3,2,0.6666666666666666,True
先惠技术,3,3,3,1.0,True
先达股份,1,1,1,1.0,True
先进数通,1,0,0,,False
先锋电子,1,1,1,1.0,True
先锋精科,5,4,4,1.0,True
光云科技,10,9,4,0.4444444444444444,True
光华科技,3,3,1,0.3333333333333333,True
光启技术,10,1,0,0.0,True
光大嘉宝,1,0,0,,False
光大证券,8,4,4,1.0,True
光大银行,10,9,7,0.7777777777777778,True
光威复材,10,7,5,0.7142857142857143,True
光峰科技,1,1,1,1.0,True
光库科技,5,2,1,0.5,True
光庭信息,3,3,3,1.0,True
光弘科技,5,1,1,1.0,True
光明乳业,7,5,5,1.0,True
光明地产,2,0,0,,False
光明肉业,10,7,7,1.0,True
光格科技,1,1,1,1.0,True
光正眼科,6,5,4,0.8,True
光环新网,10,7,7,1.0,True
光电股份,8,8,8,1.0,True
光线传媒,10,6,5,0.8333333333333334,True
光迅科技,10,5,4,0.8,True
克明食品,1,1,1,1.0,True
克来机电,3,2,2,1.0,True
克莱特,1,1,1,1.0,True
兔宝宝,10,9,5,0.5555555555555556,True
兖矿能源,10,1,1,1.0,True
全信股份,2,1,1,1.0,True
全志科技,10,3,1,0.3333333333333333,True
八一钢铁,5,5,5,1.0,True
八亿时空,2,2,2,1.0,True
八方股份,5,4,3,0.75,True
公牛集团,10,6,3,0.5,True
六九一二,5,5,5,1.0,True
兰剑智能,7,7,3,0.42857142857142855,True
兰生股份,2,1,1,1.0,True
兰石重装,6,3,3,1.0,True
兰花科创,2,0,0,,False
共达电声,6,6,2,0.3333333333333333,True
共进股份,2,1,1,1.0,True
兴业证券,10,1,1,1.0,True
兴业银行,10,2,1,0.5,True
兴业银锡,10,9,3,0.3333333333333333,True
兴发集团,10,8,8,1.0,True
兴图新科,2,2,2,1.0,True
兴森科技,10,9,8,0.8888888888888888,True
兴瑞科技,6,6,4,0.6666666666666666,True
兴福电子,2,2,2,1.0,True
兴蓉环境,10,8,3,0.375,True
兴通股份,5,5,1,0.2,True
兴齐眼药,10,7,7,1.0,True
养元饮品,6,4,4,1.0,True
冀东水泥,7,6,3,0.5,True
冀东装备,1,1,1,1.0,True
冀中能源,10,2,0,0.0,True
内蒙一机,10,9,4,0.4444444444444444,True
内蒙华电,7,6,6,1.0,True
内蒙新华,3,3,3,1.0,True
再升科技,9,8,6,0.75,True
军信股份,2,2,2,1.0,True
农业银行,10,6,1,0.16666666666666666,True
农产品,3,2,0,0.0,True
农发种业,6,2,2,1.0,True
冠捷科技,4,1,1,1.0,True
冠盛股份,10,9,8,0.8888888888888888,True
冰川网络,10,7,7,1.0,True
冰轮环境,7,5,4,0.8,True
凌云光,3,2,1,0.5,True
凌云股份,10,10,7,0.7,True
凌志软件,6,6,6,1.0,True
凌霄泵业,10,10,8,0.8,True
凤凰传媒,10,8,8,1.0,True
凤凰股份,1,0,0,,False
凯中精密,2,2,2,1.0,True
凯伦股份,1,1,1,1.0,True
凯发电气,1,1,1,1.0,True
凯因科技,4,4,2,0.5,True
凯大催化,1,1,1,1.0,True
凯尔达,8,7,1,0.14285714285714285,True
凯德石英,4,4,2,0.5,True
凯文教育,3,3,2,0.6666666666666666,True
凯格精机,6,5,3,0.6,True
凯淳股份,1,1,1,1.0,True
凯盛新材,3,3,3,1.0,True
凯盛科技,3,2,2,1.0,True
凯立新材,7,7,4,0.5714285714285714,True
凯莱英,10,7,5,0.7142857142857143,True
凯赛生物,10,6,5,0.8333333333333334,True
出版传媒,2,2,2,1.0,True
分众传媒,10,8,5,0.625,True
则成电子,1,1,1,1.0,True
创世纪,10,5,3,0.6,True
创业慧康,9,7,6,0.8571428571428571,True
创业环保,2,1,1,1.0,True
创元科技,2,2,2,1.0,True
创意信息,2,1,1,1.0,True
创新新材,1,1,1,1.0,True
创源股份,2,2,2,1.0,True
创维数字,1,0,0,,False
创耀科技,2,2,2,1.0,True
创识科技,1,0,0,,False
创远信科,1,1,1,1.0,True
利亚德,3,0,0,,False
利元亨,9,9,6,0.6666666666666666,True
利君股份,2,0,0,,False
利和兴,1,1,1,1.0,True
利安隆,4,4,3,0.75,True
利尔化学,3,2,2,1.0,True
利德曼,1,1,1,1.0,True
利扬芯片,4,4,2,0.5,True
利欧股份,6,2,2,1.0,True
利民股份,2,2,2,1.0,True
利通电子,1,1,1,1.0,True
前沿生物,2,2,2,1.0,True
剑桥科技,10,8,6,0.75,True
力合科创,1,1,1,1.0,True
力星股份,2,2,2,1.0,True
力源信息,4,1,0,0.0,True
力源科技,1,1,1,1.0,True
力生制药,2,2,0,0.0,True
力盛体育,1,1,1,1.0,True
力聚热能,3,2,2,1.0,True
力芯微,3,3,3,1.0,True
力诺药包,10,10,2,0.2,True
力量钻石,3,3,3,1.0,True
劲仔食品,6,6,5,0.8333333333333334,True
劲嘉股份,1,1,0,0.0,True
劲拓股份,3,3,1,0.3333333333333333,True
劲旅环境,2,2,2,1.0,True
包钢股份,10,3,3,1.0,True
北京人力,10,8,3,0.375,True
北京君正,8,4,4,1.0,True
北京科锐,2,1,1,1.0,True
北京银行,10,9,7,0.7777777777777778,True
北信源,3,0,0,,False
北元集团,10,5,2,0.4,True
北大荒,10,6,4,0.6666666666666666,True
北摩高科,5,3,2,0.6666666666666666,True
北斗星通,4,0,0,,False
北新建材,10,6,1,0.16666666666666666,True
北方华创,10,4,1,0.25,True
北方国际,4,2,1,0.5,True
北方导航,10,7,6,0.8571428571428571,True
北方稀土,10,2,1,0.5,True
北方股份,6,6,4,0.6666666666666666,True
北方铜业,5,4,1,0.25,True
北方长龙,3,3,3,1.0,True
北汽蓝谷,10,10,3,0.3,True
北特科技,10,9,4,0.4444444444444444,True
北玻股份,10,9,9,1.0,True
北矿科技,1,0,0,,False
北纬科技,2,0,0,,False
北路智控,4,4,2,0.5,True
北辰实业,2,1,1,1.0,True
北部湾港,3,2,1,0.5,True
北陆药业,3,3,3,1.0,True
北鼎股份,2,2,1,0.5,True
匠心家居,10,10,2,0.2,True
千味央厨,3,3,3,1.0,True
千方科技,5,3,3,1.0,True
千禾味业,3,2,2,1.0,True
千红制药,1,1,0,0.0,True
千里科技,4,4,3,0.75,True
千金药业,2,0,0,,False
华业香料,4,3,3,1.0,True
华东医药,10,6,3,0.5,True
华东数控,2,1,1,1.0,True
华东重机,1,1,1,1.0,True
华中数控,10,9,8,0.8888888888888888,True
华丰科技,10,9,4,0.4444444444444444,True
华丽家族,1,0,0,,False
华之杰,10,8,8,1.0,True
华亚智能,10,9,9,1.0,True
华依科技,3,3,2,0.6666666666666666,True
华侨城A,4,1,1,1.0,True
华信新材,7,7,6,0.8571428571428571,True
华光新材,2,2,0,0.0,True
华光环能,2,1,1,1.0,True
华兰生物,10,4,4,1.0,True
华兰疫苗,3,0,0,,False
华兰股份,3,3,0,0.0,True
华兴源创,1,1,1,1.0,True
华利集团,10,7,6,0.8571428571428571,True
华力创通,4,2,2,1.0,True
华勤技术,10,10,1,0.1,True
华厦眼科,7,5,3,0.6,True
华友钴业,10,4,3,0.75,True
华发股份,10,6,5,0.8333333333333334,True
华图山鼎,2,2,1,0.5,True
华域汽车,10,6,6,1.0,True
华培动力,2,2,0,0.0,True
华夏幸福,1,0,0,,False
华夏航空,10,9,3,0.3333333333333333,True
华夏银行,10,8,8,1.0,True
华大九天,10,7,4,0.5714285714285714,True
华大基因,10,6,3,0.5,True
华大智造,10,6,4,0.6666666666666666,True
华天科技,10,5,1,0.2,True
华天酒店,3,2,2,1.0,True
华如科技,3,3,3,1.0,True
华孚时尚,3,2,2,1.0,True
华安证券,4,3,3,1.0,True
华宏科技,2,0,0,,False
华宝新能,10,7,6,0.8571428571428571,True
华宝股份,1,0,0,,False
华岭股份,10,10,10,1.0,True
华峰化学,10,9,7,0.7777777777777778,True
华峰测控,10,9,7,0.7777777777777778,True
华峰超纤,1,0,0,,False
华峰铝业,10,10,4,0.4,True
华工科技,10,7,4,0.5714285714285714,True
华帝股份,10,10,6,0.6,True
华平股份,2,2,2,1.0,True
华康洁净,3,3,3,1.0,True
华康股份,1,1,0,0.0,True
华建集团,1,0,0,,False
华强科技,1,1,1,1.0,True
华恒生物,5,5,2,0.4,True
华懋科技,10,10,7,0.7,True
华数传媒,2,2,2,1.0,True
华斯股份,3,2,2,1.0,True
华新水泥,10,8,7,0.875,True
华旺科技,8,7,7,1.0,True
华昌化工,1,0,0,,False
华昌达,2,1,1,1.0,True
华明装备,7,6,5,0.8333333333333334,True
华是科技,4,4,4,1.0,True
华智数媒,3,3,3,1.0,True
华曙高科,10,9,7,0.7777777777777778,True
华林证券,4,1,1,1.0,True
华正新材,6,5,4,0.8,True
华民股份,1,1,1,1.0,True
华泰证券,10,5,4,0.8,True
华洋赛车,3,3,2,0.6666666666666666,True
华测导航,10,7,5,0.7142857142857143,True
华测检测,10,6,6,1.0,True
华海清科,10,6,1,0.16666666666666666,True
华海药业,10,9,8,0.8888888888888888,True
华海诚科,1,1,1,1.0,True
华润三九,10,7,3,0.42857142857142855,True
华润双鹤,5,4,0,0.0,True
华润微,7,2,1,0.5,True
华润材料,2,0,0,,False
华源控股,2,1,1,1.0,True
华灿光电,3,1,0,0.0,True
华熙生物,4,0,0,,False
华特气体,4,4,4,1.0,True
华特达因,10,10,6,0.6,True
华电国际,10,7,3,0.42857142857142855,True
华电科工,2,1,1,1.0,True
华电能源,3,0,0,,False
华盛昌,2,2,2,1.0,True
华神科技,1,0,0,,False
华秦科技,4,4,3,0.75,True
华立科技,4,3,2,0.6666666666666666,True
华策影视,7,5,4,0.8,True
华纬科技,10,10,9,0.9,True
华纳药厂,3,3,3,1.0,True
华纺股份,1,1,1,1.0,True
华统股份,6,4,3,0.75,True
华绿生物,1,0,0,,False
华翔股份,10,9,5,0.5555555555555556,True
华联控股,1,0,0,,False
华联股份,1,0,0,,False
华胜天成,2,2,2,1.0,True
华能国际,10,7,5,0.7142857142857143,True
华能水电,10,9,8,0.8888888888888888,True
华脉科技,1,1,1,1.0,True
华致酒行,5,5,4,0.8,True
华茂股份,2,2,2,1.0,True
华荣股份,10,10,8,0.8,True
华菱钢铁,10,7,7,1.0,True
华蓝集团,1,1,1,1.0,True
华虹公司,10,8,6,0.75,True
华西证券,10,9,9,1.0,True
华设集团,3,3,3,1.0,True
华谊兄弟,2,0,0,,False
华谊集团,4,4,1,0.25,True
华贸物流,6,1,1,1.0,True
华辰装备,8,6,6,1.0,True
华达科技,1,1,1,1.0,True
华通线缆,10,8,3,0.375,True
华邦健康,4,3,2,0.6666666666666666,True
华金资本,2,1,1,1.0,True
华鑫股份,4,0,0,,False
华钰矿业,4,2,2,1.0,True
华银电力,1,0,0,,False
华锐精密,1,1,1,1.0,True
华锡有色,9,8,6,0.75,True
华锦股份,7,6,3,0.5,True
华阳国际,2,2,2,1.0,True
华阳股份,10,4,3,0.75,True
华阳集团,10,7,5,0.7142857142857143,True
华骐环保,3,2,1,0.5,True
华鲁恒升,10,9,4,0.4444444444444444,True
协创数据,10,9,8,0.8888888888888888,True
协和电子,1,1,1,1.0,True
协鑫能科,1,0,0,,False
协鑫集成,2,2,2,1.0,True
卓创资讯,1,0,0,,False
卓易信息,10,9,5,0.5555555555555556,True
卓然股份,2,2,2,1.0,True
卓胜微,10,7,6,0.8571428571428571,True
卓越新能,5,5,3,0.6,True
南亚新材,10,9,6,0.6666666666666666,True
南京医药,2,2,2,1.0,True
南京熊猫,3,1,1,1.0,True
南京证券,1,1,1,1.0,True
南京银行,10,10,7,0.7,True
南京高科,10,6,6,1.0,True
南侨食品,1,1,0,0.0,True
南兴股份,5,5,5,1.0,True
南华期货,1,0,0,,False
南卫股份,1,1,1,1.0,True
南大光电,10,0,0,,False
南天信息,1,0,0,,False
南威软件,2,0,0,,False
南山控股,4,1,1,1.0,True
南山智尚,5,5,5,1.0,True
南山铝业,10,6,5,0.8333333333333334,True
南微医学,10,8,7,0.875,True
南新制药,1,1,0,0.0,True
南方传媒,10,10,7,0.7,True
南方精工,1,1,1,1.0,True
南方航空,10,7,3,0.42857142857142855,True
南极光,4,4,4,1.0,True
南极电商,10,8,5,0.625,True
南模生物,4,4,4,1.0,True
南网储能,4,4,2,0.5,True
南网科技,9,6,5,0.8333333333333334,True
南网能源,2,1,1,1.0,True
南芯科技,5,4,3,0.75,True
南都电源,2,0,0,,False
南钢股份,10,6,6,1.0,True
南风股份,2,2,2,1.0,True
博众精工,9,9,8,0.8888888888888888,True
博俊科技,10,10,10,1.0,True
博士眼镜,6,4,4,1.0,True
博威合金,3,2,2,1.0,True
博实结,1,1,1,1.0,True
博实股份,3,3,3,1.0,True
博彦科技,9,7,7,1.0,True
博思软件,10,9,7,0.7777777777777778,True
博拓生物,3,2,2,1.0,True
博敏电子,1,1,0,0.0,True
博汇科技,4,4,3,0.75,True
博汇纸业,2,1,1,1.0,True
博汇股份,1,1,1,1.0,True
博济医药,1,0,0,,False
博深股份,1,1,1,1.0,True
博源化工,3,2,1,0.5,True
博瑞传播,2,0,0,,False
博瑞医药,1,1,1,1.0,True
博睿数据,1,1,1,1.0,True
博硕科技,2,2,2,1.0,True
博科测试,1,1,1,1.0,True
博纳影业,1,1,1,1.0,True
博腾股份,10,9,6,0.6666666666666666,True
博菲电气,2,1,1,1.0,True
博迁新材,10,9,2,0.2222222222222222,True
博迈科,1,1,1,1.0,True
博通股份,2,1,1,1.0,True
博通集成,3,3,3,1.0,True
博隆技术,8,8,6,0.75,True
博雅生物,2,0,0,,False
卡倍亿,1,1,1,1.0,True
卧龙新能,1,0,0,,False
卧龙电驱,9,5,3,0.6,True
卫信康,7,6,5,0.8333333333333334,True
卫宁健康,10,7,3,0.42857142857142855,True
卫星化学,10,9,4,0.4444444444444444,True
厦钨新能,10,9,5,0.5555555555555556,True
厦门国贸,10,1,0,0.0,True
厦门空港,7,7,6,0.8571428571428571,True
厦门象屿,4,2,1,0.5,True
厦门钨业,10,3,2,0.6666666666666666,True
厦门银行,10,8,6,0.75,True
友发集团,2,2,2,1.0,True
友车科技,1,1,1,1.0,True
友邦吊顶,2,2,2,1.0,True
双乐股份,1,1,1,1.0,True
双星新材,1,0,0,,False
双林股份,10,7,4,0.5714285714285714,True
双汇发展,10,3,1,0.3333333333333333,True
双环传动,10,7,4,0.5714285714285714,True
双良节能,3,3,3,1.0,True
双象股份,3,3,3,1.0,True
双鹭药业,1,0,0,,False
口子窖,7,6,4,0.6666666666666666,True
古井贡酒,10,8,6,0.75,True
古越龙山,3,3,2,0.6666666666666666,True
古鳌科技,1,0,0,,False
可孚医疗,10,9,5,0.5555555555555556,True
可川科技,2,2,2,1.0,True
可立克,8,7,7,1.0,True
台华新材,7,7,7,1.0,True
台基股份,1,0,0,,False
史丹利,10,9,5,0.5555555555555556,True
司南导航,2,2,2,1.0,True
司太立,1,1,0,0.0,True
司尔特,1,1,1,1.0,True
合兴包装,2,2,2,1.0,True
合合信息,10,9,6,0.6666666666666666,True
合康新能,1,1,1,1.0,True
合盛硅业,8,7,4,0.5714285714285714,True
合肥城建,3,2,2,1.0,True
合肥高科,1,1,1,1.0,True
合金投资,1,1,1,1.0,True
合锻智能,7,5,4,0.8,True
吉冈精密,1,1,1,1.0,True
吉大正元,1,1,1,1.0,True
吉大通信,1,1,1,1.0,True
吉宏股份,2,2,1,0.5,True
吉林化纤,2,1,1,1.0,True
吉林敖东,10,5,4,0.8,True
吉林碳谷,1,1,0,0.0,True
吉比特,10,8,4,0.5,True
吉祥航空,10,7,3,0.42857142857142855,True
吉贝尔,1,1,1,1.0,True
同为股份,2,2,2,1.0,True
同享科技,4,4,4,1.0,True
同仁堂,10,5,3,0.6,True
同兴达,2,2,2,1.0,True
同力日升,7,7,6,0.8571428571428571,True
同力股份,10,9,2,0.2222222222222222,True
同和药业,1,1,0,0.0,True
同庆楼,10,10,8,0.8,True
同方股份,7,2,2,1.0,True
同济科技,2,1,1,1.0,True
同益中,4,4,3,0.75,True
同花顺,10,2,2,1.0,True
同飞股份,8,8,5,0.625,True
名臣健康,4,3,3,1.0,True
君亭酒店,7,6,5,0.8333333333333334,True
君实生物,10,3,2,0.6666666666666666,True
君正集团,5,4,4,1.0,True
君禾股份,5,4,2,0.5,True
君逸数码,1,1,1,1.0,True
启明星辰,10,8,6,0.75,True
吴通控股,1,1,1,1.0,True
呈和科技,6,4,1,0.25,True
周大生,10,10,6,0.6,True
和元生物,1,1,1,1.0,True
和晶科技,2,2,1,0.5,True
和林微纳,7,6,5,0.8333333333333334,True
和泰机电,1,1,1,1.0,True
和而泰,10,4,2,0.5,True
和辉光电,10,4,3,0.75,True
和达科技,5,5,5,1.0,True
和远气体,3,3,2,0.6666666666666666,True
和邦生物,2,1,0,0.0,True
和顺电气,1,1,1,1.0,True
咸亨国际,4,4,0,0.0,True
品茗科技,1,1,1,1.0,True
品高股份,2,1,1,1.0,True
哈尔斯,4,4,3,0.75,True
哈投股份,4,2,2,1.0,True
哈森股份,1,1,1,1.0,True
哈药股份,3,1,1,1.0,True
唐人神,8,4,1,0.25,True
唐山港,10,5,5,1.0,True
唯万密封,1,1,1,1.0,True
唯捷创芯,6,3,3,1.0,True
唯特偶,3,3,3,1.0,True
唯科科技,10,10,5,0.5,True
商络电子,2,2,2,1.0,True
喜临门,1,1,0,0.0,True
嘉事堂,1,1,1,1.0,True
嘉亨家化,2,1,1,1.0,True
嘉元科技,8,7,6,0.8571428571428571,True
嘉化能源,10,6,6,1.0,True
嘉友国际,10,10,5,0.5,True
嘉和美康,10,10,9,0.9,True
嘉必优,5,4,2,0.5,True
嘉戎技术,3,3,3,1.0,True
嘉曼服饰,1,1,1,1.0,True
嘉泽新能,1,1,1,1.0,True
嘉澳环保,5,5,4,0.8,True
嘉益股份,10,10,6,0.6,True
嘉美包装,3,3,3,1.0,True
嘉诚国际,1,1,1,1.0,True
四会富仕,1,1,1,1.0,True
四创电子,4,4,2,0.5,True
四川九洲,10,7,4,0.5714285714285714,True
四川双马,7,7,7,1.0,True
四川成渝,5,4,4,1.0,True
四川路桥,10,4,1,0.25,True
四川长虹,10,0,0,,False
四川黄金,4,2,0,0.0,True
四方光电,1,1,1,1.0,True
四方精创,1,0,0,,False
四方股份,10,9,8,0.8888888888888888,True
四维图新,10,3,1,0.3333333333333333,True
回盛生物,1,1,1,1.0,True
固德威,10,8,7,0.875,True
固高科技,3,1,1,1.0,True
国信证券,10,6,6,1.0,True
国元证券,10,8,7,0.875,True
国光电器,6,5,4,0.8,True
国光电气,9,8,6,0.75,True
国光股份,10,10,6,0.6,True
国力股份,3,3,2,0.6666666666666666,True
国博电子,10,8,7,0.875,True
国城矿业,1,1,1,1.0,True
国子软件,3,3,3,1.0,True
国恩股份,4,4,4,1.0,True
国投丰乐,2,2,1,0.5,True
国投智能,2,1,1,1.0,True
国投电力,10,8,5,0.625,True
国投资本,4,1,1,1.0,True
国新健康,2,1,1,1.0,True
国机汽车,3,0,0,,False
国机重装,6,6,6,1.0,True
国民技术,6,0,0,,False
国泰海通,10,2,2,1.0,True
国泰集团,10,10,4,0.4,True
国海证券,7,4,3,0.75,True
国瓷材料,10,8,6,0.75,True
国电南瑞,10,3,1,0.3333333333333333,True
国电南自,10,9,8,0.8888888888888888,True
国电电力,10,7,5,0.7142857142857143,True
国盛金控,1,0,0,,False
国盾量子,10,5,4,0.8,True
国睿科技,10,10,2,0.2,True
国科军工,5,4,4,1.0,True
国科天成,9,6,5,0.8333333333333334,True
国科微,3,2,0,0.0,True
国网信通,10,8,6,0.75,True
国网英大,10,9,9,1.0,True
国联民生,6,5,5,1.0,True
国联水产,1,0,0,,False
国联股份,10,10,3,0.3,True
国能日新,10,10,4,0.4,True
国脉文化,4,2,0,0.0,True
国脉科技,5,2,2,1.0,True
国航远洋,2,2,1,0.5,True
国芯科技,4,2,2,1.0,True
国茂股份,4,2,2,1.0,True
国药一致,7,7,4,0.5714285714285714,True
国药现代,1,1,0,0.0,True
国药股份,10,7,1,0.14285714285714285,True
国货航,7,2,2,1.0,True
国轩高科,10,3,1,0.3333333333333333,True
国邦医药,10,9,6,0.6666666666666666,True
国金证券,4,1,1,1.0,True
国际复材,2,1,1,1.0,True
国际实业,3,2,0,0.0,True
图南股份,10,10,7,0.7,True
圆通速递,10,10,5,0.5,True
圣农发展,10,7,5,0.7142857142857143,True
圣晖集成,1,1,1,1.0,True
圣泉集团,10,9,1,0.1111111111111111,True
圣湘生物,5,4,3,0.75,True
圣诺生物,4,4,2,0.5,True
圣达生物,3,3,3,1.0,True
圣邦股份,10,7,3,0.42857142857142855,True
均普智能,4,2,2,1.0,True
均胜电子,10,8,7,0.875,True
坚朗五金,1,1,1,1.0,True
坤恒顺维,2,2,2,1.0,True
坤泰股份,1,1,1,1.0,True
垒知集团,1,1,1,1.0,True
埃斯顿,4,1,1,1.0,True
城发环境,4,3,3,1.0,True
城地香江,4,4,4,1.0,True
城建发展,10,8,7,0.875,True
城投控股,10,6,6,1.0,True
基康技术,2,2,2,1.0,True
基蛋生物,1,0,0,,False
塔牌集团,10,8,4,0.5,True
士兰微,10,4,2,0.5,True
壹石通,1,1,1,1.0,True
壹网壹创,1,1,1,1.0,True
壹连科技,8,5,5,1.0,True
复旦复华,1,0,0,,False
复旦微电,10,7,6,0.8571428571428571,True
复星医药,10,2,2,1.0,True
复洁环保,1,1,1,1.0,True
夏厦精密,4,3,3,1.0,True
外服控股,6,3,2,0.6666666666666666,True
多利科技,5,2,1,0.5,True
多氟多,4,4,4,1.0,True
多浦乐,1,1,1,1.0,True
多瑞医药,2,2,2,1.0,True
大业股份,3,3,3,1.0,True
大中矿业,1,1,1,1.0,True
大丰实业,1,1,1,1.0,True
大众公用,3,0,0,,False
大位科技,10,10,9,0.9,True
大元泵业,2,2,0,0.0,True
大全能源,10,6,4,0.6666666666666666,True
大北农,10,4,4,1.0,True
大千生态,1,1,0,0.0,True
大华股份,10,6,1,0.16666666666666666,True
大博医疗,10,8,2,0.25,True
大参林,9,8,8,1.0,True
大叶股份,2,1,1,1.0,True
大唐发电,10,9,6,0.6666666666666666,True
大商股份,10,9,9,1.0,True
大地海洋,10,10,1,0.1,True
大富科技,1,0,0,,False
大庆华科,2,1,0,0.0,True
大恒科技,2,1,0,0.0,True
大悦城,2,1,1,1.0,True
大族数控,3,3,3,1.0,True
大族激光,10,5,4,0.8,True
大智慧,5,4,2,0.5,True
大有能源,3,0,0,,False
大洋生物,1,1,1,1.0,True
大洋电机,7,6,5,0.8333333333333334,True
大港股份,4,0,0,,False
大湖股份,1,1,1,1.0,True
大烨智能,1,0,0,,False
大秦铁路,10,5,2,0.4,True
大胜达,1,1,1,1.0,True
大豪科技,6,4,3,0.75,True
大连电瓷,3,3,2,0.6666666666666666,True
大连重工,6,5,5,1.0,True
大金重工,10,8,1,0.125,True
大龙地产,1,1,1,1.0,True
天下秀,4,3,2,0.6666666666666666,True
天佑德酒,3,2,2,1.0,True
天保基建,2,1,1,1.0,True
天健集团,4,1,1,1.0,True
天元股份,1,0,0,,False
天准科技,7,5,4,0.8,True
天力复合,2,2,2,1.0,True
天华新能,9,5,4,0.8,True
天合光能,10,5,4,0.8,True
天味食品,10,10,10,1.0,True
天和磁材,4,4,3,0.75,True
天和防务,1,1,1,1.0,True
天地在线,1,1,1,1.0,True
天地数码,5,5,5,1.0,True
天地源,1,0,0,,False
天地科技,10,8,8,1.0,True
天坛生物,10,4,1,0.25,True
天士力,10,7,4,0.5714285714285714,True
天奈科技,10,9,5,0.5555555555555556,True
天奥电子,3,1,1,1.0,True
天威视讯,1,1,1,1.0,True
天娱数科,3,0,0,,False
天孚通信,10,5,3,0.6,True
天宇股份,5,4,0,0.0,True
天安新材,1,1,1,1.0,True
天宏锂电,1,1,1,1.0,True
天富能源,3,1,1,1.0,True
天山股份,5,2,2,1.0,True
天山铝业,10,10,9,0.9,True
天岳先进,10,4,3,0.75,True
天府文旅,1,0,0,,False
天康生物,9,5,5,1.0,True
天德钰,10,9,9,1.0,True
天成自控,1,1,1,1.0,True
天振股份,6,6,6,1.0,True
天新药业,1,1,1,1.0,True
天普股份,4,4,4,1.0,True
天智航,2,2,2,1.0,True
天桥起重,1,1,1,1.0,True
天津港,2,0,0,,False
天海防务,1,1,1,1.0,True
天润乳业,10,9,9,1.0,True
天润工业,1,1,1,1.0,True
天源迪科,1,0,0,,False
天益医疗,4,3,3,1.0,True
天目湖,2,1,1,1.0,True
天禄科技,1,1,1,1.0,True
天秦装备,10,9,8,0.8888888888888888,True
天箭科技,1,1,1,1.0,True
天纺标,1,1,1,1.0,True
天罡股份,1,1,1,1.0,True
天能股份,3,1,1,1.0,True
天臣医疗,4,4,4,1.0,True
天舟文化,2,0,0,,False
天虹股份,2,2,2,1.0,True
天融信,3,2,1,0.5,True
天赐材料,10,7,6,0.8571428571428571,True
天迈科技,1,1,1,1.0,True
天通股份,3,2,1,0.5,True
天银机电,1,1,1,1.0,True
天键股份,7,7,7,1.0,True
天际股份,1,1,1,1.0,True
天顺风能,10,9,7,0.7777777777777778,True
天风证券,6,2,1,0.5,True
天马科技,8,6,5,0.8333333333333334,True
天鹅股份,2,1,1,1.0,True
天齐锂业,10,2,2,1.0,True
太原重工,4,1,0,0.0,True
太平洋,6,2,0,0.0,True
太极实业,2,0,0,,False
太极股份,10,8,8,1.0,True
太极集团,8,5,5,1.0,True
太湖雪,1,1,1,1.0,True
太辰光,10,9,6,0.6666666666666666,True
太钢不锈,3,1,1,1.0,True
太阳纸业,10,9,2,0.2222222222222222,True
太阳能,2,1,1,1.0,True
太龙药业,1,0,0,,False
奇安信,2,0,0,,False
奇德新材,3,3,3,1.0,True
奋达科技,3,1,1,1.0,True
奕瑞科技,10,9,6,0.6666666666666666,True
奥佳华,1,1,1,1.0,True
奥士康,2,2,0,0.0,True
奥普光电,6,5,2,0.4,True
奥普特,10,7,3,0.42857142857142855,True
奥普科技,6,6,0,0.0,True
奥来德,6,4,2,0.5,True
奥比中光,10,6,3,0.5,True
奥泰生物,10,9,9,1.0,True
奥浦迈,10,10,4,0.4,True
奥海科技,10,9,6,0.6666666666666666,True
奥特佳,1,0,0,,False
奥特维,6,6,5,0.8333333333333334,True
奥瑞德,1,1,0,0.0,True
奥瑞金,3,2,2,1.0,True
奥福科技,1,1,0,0.0,True
奥精医疗,1,1,1,1.0,True
奥美医疗,2,2,2,1.0,True
奥赛康,10,10,10,1.0,True
奥迪威,10,10,9,0.9,True
奥锐特,8,8,6,0.75,True
奥雅股份,1,1,0,0.0,True
奥飞娱乐,10,9,9,1.0,True
奥飞数据,10,9,7,0.7777777777777778,True
好利科技,1,1,1,1.0,True
好太太,3,2,2,1.0,True
好想你,7,4,4,1.0,True
妙可蓝多,10,9,3,0.3333333333333333,True
姚记科技,10,9,8,0.8888888888888888,True
威力传动,8,6,6,1.0,True
威唐工业,3,3,3,1.0,True
威孚高科,9,7,3,0.42857142857142855,True
威尔高,2,2,2,1.0,True
威海广泰,5,3,2,0.6666666666666666,True
威胜信息,10,9,4,0.4444444444444444,True
威腾电气,4,2,2,1.0,True
威迈斯,1,1,0,0.0,True
威龙股份,1,1,1,1.0,True
孚日股份,4,4,3,0.75,True
孚能科技,8,5,4,0.8,True
学大教育,10,9,5,0.5555555555555556,True
孩子王,10,9,3,0.3333333333333333,True
宁夏建材,1,0,0,,False
宁德时代,10,3,0,0.0,True
宁沪高速,10,9,8,0.8888888888888888,True
宁波中百,1,1,1,1.0,True
宁波华翔,10,6,4,0.6666666666666666,True
宁波方正,1,1,1,1.0,True
宁波港,2,1,1,1.0,True
宁波远洋,1,0,0,,False
宁波银行,10,9,4,0.4444444444444444,True
宁波韵升,8,6,2,0.3333333333333333,True
宁波高发,1,1,1,1.0,True
宇信科技,10,9,8,0.8888888888888888,True
宇新股份,1,0,0,,False
宇环数控,1,1,1,1.0,True
宇瞳光学,2,2,2,1.0,True
宇通客车,10,10,2,0.2,True
宇通重工,1,0,0,,False
宇邦新材,5,5,5,1.0,True
安乃达,5,3,1,0.3333333333333333,True
安井食品,10,10,5,0.5,True
安克创新,10,9,4,0.4444444444444444,True
安凯客车,5,5,5,1.0,True
安凯微,1,1,1,1.0,True
安利股份,10,10,10,1.0,True
安博通,2,2,1,0.5,True
安图生物,6,5,4,0.8,True
安培龙,10,10,9,0.9,True
安孚科技,1,1,1,1.0,True
安宁股份,3,2,2,1.0,True
安居宝,1,1,1,1.0,True
安德利,1,1,1,1.0,True
安徽合力,10,9,9,1.0,True
安徽建工,10,8,7,0.875,True
安必平,1,1,1,1.0,True
安恒信息,8,6,6,1.0,True
安旭生物,5,5,4,0.8,True
安杰思,4,4,3,0.75,True
安泰科技,5,0,0,,False
安洁科技,3,1,1,1.0,True
安源煤业,5,5,3,0.6,True
安琪酵母,10,8,2,0.25,True
安硕信息,1,0,0,,False
安科瑞,2,2,2,1.0,True
安科生物,10,8,7,0.875,True
安纳达,1,1,1,1.0,True
安记食品,1,0,0,,False
安路科技,4,4,3,0.75,True
安达智能,1,1,1,1.0,True
安达科技,1,1,1,1.0,True
安迪苏,10,6,6,1.0,True
安通控股,5,4,2,0.5,True
安道麦A,1,1,1,1.0,True
安邦护卫,2,2,2,1.0,True
安阳钢铁,1,0,0,,False
安集科技,10,9,7,0.7777777777777778,True
安靠智电,1,1,1,1.0,True
宋城演艺,10,5,2,0.4,True
完美世界,10,5,4,0.8,True
宏创控股,10,10,3,0.3,True
宏力达,3,2,2,1.0,True
宏华数科,10,10,6,0.6,True
宏发股份,10,6,4,0.6666666666666666,True
宏和科技,1,1,1,1.0,True
宏川智慧,1,1,1,1.0,True
宏微科技,1,1,1,1.0,True
宏昌电子,3,3,3,1.0,True
宏昌科技,1,1,1,1.0,True
宏景科技,5,5,2,0.4,True
宏源药业,1,0,0,,False
宏盛华源,4,1,1,1.0,True
宏英智能,4,2,2,1.0,True
宏裕包材,1,1,1,1.0,True
宏达电子,10,7,7,1.0,True
宏达股份,5,5,5,1.0,True
宗申动力,10,6,4,0.6666666666666666,True
宜安科技,6,6,6,1.0,True
宝丰能源,10,8,3,0.375,True
宝信软件,10,7,6,0.8571428571428571,True
宝兰德,2,2,2,1.0,True
宝新能源,10,8,4,0.5,True
宝明科技,10,10,9,0.9,True
宝武镁业,7,5,5,1.0,True
宝泰隆,3,0,0,,False
宝立食品,2,2,2,1.0,True
宝色股份,1,1,1,1.0,True
宝莫股份,4,4,4,1.0,True
宝莱特,5,5,5,1.0,True
宝通科技,5,2,2,1.0,True
宝钛股份,6,6,6,1.0,True
宝钢股份,10,5,5,1.0,True
实丰文化,1,1,1,1.0,True
宣泰医药,2,1,1,1.0,True
家家悦,3,3,3,1.0,True
宸展光电,1,0,0,,False
容大感光,1,0,0,,False
容百科技,10,4,3,0.75,True
容知日新,10,10,8,0.8,True
密尔克卫,5,3,3,1.0,True
富临精工,10,9,7,0.7777777777777778,True
富乐德,1,0,0,,False
富佳股份,2,1,1,1.0,True
富信科技,1,1,0,0.0,True
富创精密,10,7,6,0.8571428571428571,True
富吉瑞,2,2,2,1.0,True
富士莱,1,1,1,1.0,True
富士达,7,7,4,0.5714285714285714,True
富奥股份,5,5,3,0.6,True
富安娜,10,10,8,0.8,True
富岭股份,10,8,8,1.0,True
富春染织,1,1,1,1.0,True
富春环保,3,3,3,1.0,True
富春股份,2,0,0,,False
富森美,3,3,2,0.6666666666666666,True
富满微,1,1,0,0.0,True
富煌钢构,1,0,0,,False
富特科技,2,2,2,1.0,True
富祥药业,1,1,1,1.0,True
富维股份,3,2,2,1.0,True
寒武纪,10,3,2,0.6666666666666666,True
寒锐钴业,1,0,0,,False
寿仙谷,2,2,2,1.0,True
小商品城,10,9,3,0.3333333333333333,True
小方制药,3,1,0,0.0,True
尚品宅配,2,2,2,1.0,True
尚太科技,10,10,10,1.0,True
尚荣医疗,3,3,3,1.0,True
尤洛卡,1,1,1,1.0,True
居然智家,6,6,6,1.0,True
山东出版,4,2,2,1.0,True
山东威达,1,1,1,1.0,True
山东玻纤,1,1,1,1.0,True
山东章鼓,1,1,1,1.0,True
山东药玻,10,6,5,0.8333333333333334,True
山东赫达,1,1,0,0.0,True
山东路桥,4,3,3,1.0,True
山东钢铁,2,2,0,0.0,True
山东高速,10,7,6,0.8571428571428571,True
山东黄金,10,8,4,0.5,True
山外山,10,10,8,0.8,True
山大地纬,2,1,1,1.0,True
山推股份,10,10,8,0.8,True
山河智能,1,0,0,,False
山煤国际,10,4,4,1.0,True
山石网科,3,3,3,1.0,True
山西汾酒,10,5,1,0.2,True
山西焦化,1,0,0,,False
山西焦煤,10,4,4,1.0,True
山西证券,10,5,5,1.0,True
山金国际,10,8,3,0.375,True
山高环能,7,7,6,0.8571428571428571,True
山鹰国际,1,1,1,1.0,True
岩山科技,9,3,1,0.3333333333333333,True
岭南控股,2,0,0,,False
岱美股份,6,6,6,1.0,True
峨眉山A,10,8,6,0.75,True
峰岹科技,10,9,4,0.4444444444444444,True
崇德科技,3,3,3,1.0,True
崇达技术,1,1,0,0.0,True
崧盛股份,1,1,0,0.0,True
嵘泰股份,9,9,9,1.0,True
川仪股份,10,9,8,0.8888888888888888,True
川发龙蟒,2,0,0,,False
川宁生物,3,0,0,,False
川恒股份,10,9,9,1.0,True
川投能源,10,8,5,0.625,True
川环科技,6,6,3,0.5,True
川网传媒,3,3,3,1.0,True
川能动力,1,0,0,,False
工业富联,10,6,5,0.8333333333333334,True
工商银行,10,5,2,0.4,True
工大高科,2,2,2,1.0,True
巨一科技,2,2,2,1.0,True
巨人网络,10,7,2,0.2857142857142857,True
巨化股份,10,6,2,0.3333333333333333,True
巨星农牧,10,7,5,0.7142857142857143,True
巨星科技,10,9,7,0.7777777777777778,True
巨轮智能,10,5,5,1.0,True
巴比食品,2,2,1,0.5,True
市北高新,5,0,0,,False
希荻微,2,1,1,1.0,True
帝奥微,1,1,1,1.0,True
帝尔激光,10,9,4,0.4444444444444444,True
帝科股份,4,4,3,0.75,True
常宝股份,1,0,0,,False
常山药业,10,3,2,0.6666666666666666,True
常润股份,1,1,1,1.0,True
常熟汽饰,5,5,3,0.6,True
常熟银行,10,8,3,0.375,True
常铝股份,1,1,1,1.0,True
平安电工,3,2,2,1.0,True
平安银行,10,4,4,1.0,True
平煤股份,10,4,4,1.0,True
平高电气,10,6,3,0.5,True
并行科技,10,10,9,0.9,True
广东宏大,10,7,1,0.14285714285714285,True
广东建工,3,0,0,,False
广东鸿图,3,3,3,1.0,True
广信材料,1,1,1,1.0,True
广信股份,10,9,3,0.3333333333333333,True
广博股份,3,3,2,0.6666666666666666,True
广厦环能,1,1,1,1.0,True
广发证券,10,3,3,1.0,True
广合科技,5,5,4,0.8,True
广和通,10,7,3,0.42857142857142855,True
广哈通信,2,2,2,1.0,True
广大特材,10,10,7,0.7,True
广州发展,8,7,6,0.8571428571428571,True
广州港,1,0,0,,False
广州酒家,3,2,2,1.0,True
广弘控股,9,9,5,0.5555555555555556,True
广日股份,10,9,6,0.6666666666666666,True
广晟有色,10,9,5,0.5555555555555556,True
广汇能源,10,8,8,1.0,True
广汽集团,9,8,8,1.0,True
广济药业,1,1,1,1.0,True
广深铁路,10,10,4,0.4,True
广生堂,1,1,1,1.0,True
广电计量,10,9,7,0.7777777777777778,True
广电运通,10,4,4,1.0,True
广立微,3,1,1,1.0,True
广联航空,10,9,9,1.0,True
广联达,10,9,5,0.5555555555555556,True
广聚能源,3,3,3,1.0,True
广誉远,10,7,7,1.0,True
广钢气体,10,10,7,0.7,True
应流股份,10,8,6,0.75,True
康为世纪,7,7,6,0.8571428571428571,True
康乐卫士,1,1,1,1.0,True
康农种业,6,6,6,1.0,True
康冠科技,6,5,4,0.8,True
康力电梯,2,2,2,1.0,True
康华生物,2,2,1,0.5,True
康希诺,2,2,2,1.0,True
康希通信,1,1,1,1.0,True
康平科技,1,1,1,1.0,True
康弘药业,10,9,3,0.3333333333333333,True
康强电子,1,0,0,,False
康德莱,2,2,2,1.0,True
康恩贝,3,1,1,1.0,True
康惠制药,1,1,1,1.0,True
康拓医疗,2,2,2,1.0,True
康斯特,3,3,2,0.6666666666666666,True
康普顿,1,1,1,1.0,True
康比特,4,4,1,0.25,True
康泰医学,2,0,0,,False
康泰生物,10,3,2,0.6666666666666666,True
康缘药业,3,3,3,1.0,True
康辰药业,1,1,1,1.0,True
康龙化成,10,3,2,0.6666666666666666,True
廊坊发展,1,1,1,1.0,True
延江股份,1,1,1,1.0,True
建元信托,1,0,0,,False
建发合诚,2,2,0,0.0,True
建发股份,10,8,6,0.75,True
建工修复,1,1,1,1.0,True
建投能源,10,8,7,0.875,True
建研设计,9,9,2,0.2222222222222222,True
建设工业,6,0,0,,False
建设机械,1,1,1,1.0,True
建设银行,10,10,4,0.4,True
建邦科技,3,3,2,0.6666666666666666,True
建霖家居,5,4,4,1.0,True
建龙微纳,3,3,2,0.6666666666666666,True
开创国际,1,0,0,,False
开勒股份,2,2,1,0.5,True
开山股份,4,4,1,0.25,True
开开实业,1,0,0,,False
开普云,1,1,1,1.0,True
开普检测,2,1,1,1.0,True
开润股份,10,9,7,0.7777777777777778,True
开滦股份,10,6,5,0.8333333333333334,True
开特股份,7,6,2,0.3333333333333333,True
开立医疗,10,8,5,0.625,True
引力传媒,1,1,1,1.0,True
弘业期货,2,1,1,1.0,True
弘亚数控,9,9,8,0.8888888888888888,True
弘信电子,5,2,1,0.5,True
弘元绿能,2,2,2,1.0,True
弘景光电,4,3,3,1.0,True
弘讯科技,2,1,1,1.0,True
张家港行,1,0,0,,False
张江高科,10,3,1,0.3333333333333333,True
张裕A,1,1,1,1.0,True
强达电路,1,1,1,1.0,True
强邦新材,6,4,4,1.0,True
当升科技,8,4,4,1.0,True
当虹科技,10,10,8,0.8,True
彤程新材,4,3,2,0.6666666666666666,True
彩虹股份,10,7,7,1.0,True
彩蝶实业,1,1,1,1.0,True
彩讯股份,4,3,1,0.3333333333333333,True
征和工业,2,2,2,1.0,True
徐工机械,10,9,7,0.7777777777777778,True
徕木股份,2,0,0,,False
得利斯,1,1,1,1.0,True
得邦照明,1,1,1,1.0,True
御银股份,1,0,0,,False
微光股份,10,9,8,0.8888888888888888,True
微导纳米,6,5,4,0.8,True
微电生理,10,9,8,0.8888888888888888,True
微芯生物,2,2,1,0.5,True
德业股份,10,8,6,0.75,True
德冠新材,1,0,0,,False
德创环保,2,1,1,1.0,True
德固特,1,0,0,,False
德宏股份,6,5,1,0.2,True
德尔未来,1,1,1,1.0,True
德尔股份,3,3,3,1.0,True
德方纳米,4,2,1,0.5,True
德昌股份,10,9,9,1.0,True
德明利,10,10,9,0.9,True
德源药业,3,3,3,1.0,True
德石股份,1,0,0,,False
德科立,10,10,6,0.6,True
德美化工,2,2,1,0.5,True
德联集团,1,1,0,0.0,True
德赛电池,4,2,2,1.0,True
德赛西威,10,8,4,0.5,True
德邦科技,5,5,5,1.0,True
德邦股份,5,1,0,0.0,True
德马科技,1,1,1,1.0,True
德龙汇能,1,1,1,1.0,True
德龙激光,1,1,0,0.0,True
心脉医疗,5,2,1,0.5,True
必创科技,3,3,3,1.0,True
必易微,1,1,1,1.0,True
志特新材,4,4,3,0.75,True
志邦家居,10,10,9,0.9,True
快克智能,2,1,1,1.0,True
快意电梯,1,1,1,1.0,True
思创医惠,1,0,0,,False
思林杰,5,5,5,1.0,True
思泉新材,1,1,1,1.0,True
思源电气,10,7,7,1.0,True
思特威,10,7,0,0.0,True
思瑞浦,10,9,4,0.4444444444444444,True
思看科技,5,5,5,1.0,True
思维列控,10,9,4,0.4444444444444444,True
怡亚通,1,0,0,,False
怡合达,4,3,2,0.6666666666666666,True
怡球资源,1,0,0,,False
恒丰纸业,1,1,1,1.0,True
恒为科技,2,0,0,,False
恒力石化,10,4,4,1.0,True
恒勃股份,2,2,1,0.5,True
恒华科技,1,0,0,,False
恒大高新,1,1,1,1.0,True
恒宝股份,1,0,0,,False
恒实科技,1,1,1,1.0,True
恒尚节能,1,0,0,,False
恒工精密,5,5,5,1.0,True
恒帅股份,8,8,8,1.0,True
恒拓开源,1,1,1,1.0,True
恒润股份,2,2,2,1.0,True
恒源煤电,10,2,1,0.5,True
恒烁股份,2,2,2,1.0,True
恒玄科技,10,7,4,0.5714285714285714,True
恒瑞医药,10,5,1,0.2,True
恒生电子,10,1,1,1.0,True
恒盛能源,1,1,1,1.0,True
恒立液压,10,8,5,0.625,True
恒誉环保,1,1,1,1.0,True
恒进感应,1,1,1,1.0,True
恒逸石化,1,1,1,1.0,True
恒邦股份,6,4,2,0.5,True
恒鑫生活,10,2,2,1.0,True
恒铭达,10,9,6,0.6666666666666666,True
恒银科技,3,2,2,1.0,True
恩华药业,10,9,8,0.8888888888888888,True
恩威医药,4,4,4,1.0,True
恩捷股份,8,8,6,0.75,True
恺英网络,10,5,2,0.4,True
悦安新材,1,1,1,1.0,True
悦康药业,6,6,4,0.6666666666666666,True
惠城环保,10,1,0,0.0,True
惠威科技,1,1,1,1.0,True
惠泉啤酒,1,1,0,0.0,True
惠泰医疗,10,7,0,0.0,True
惠而浦,1,1,1,1.0,True
惠通科技,5,0,0,,False
意华股份,8,8,8,1.0,True
慕思股份,1,1,1,1.0,True
慧博云通,1,0,0,,False
慧智微,1,1,1,1.0,True
慧翰股份,6,6,5,0.8333333333333334,True
戎美股份,1,1,1,1.0,True
成大生物,4,2,2,1.0,True
成都先导,4,1,1,1.0,True
成都华微,3,2,2,1.0,True
成都银行,10,9,1,0.1111111111111111,True
成飞集成,3,0,0,,False
我乐家居,1,1,1,1.0,True
我武生物,1,0,0,,False
我爱我家,7,6,4,0.6666666666666666,True
戴维医疗,2,2,2,1.0,True
托普云农,3,3,2,0.6666666666666666,True
扬农化工,10,9,2,0.2222222222222222,True
扬州金泉,1,1,1,1.0,True
扬帆新材,1,1,1,1.0,True
扬杰科技,10,6,6,1.0,True
扬电科技,6,5,5,1.0,True
承德露露,10,9,8,0.8888888888888888,True
抚顺特钢,1,1,1,1.0,True
报喜鸟,2,0,0,,False
拉卡拉,2,0,0,,False
拉普拉斯,7,5,5,1.0,True
拉芳家化,5,5,5,1.0,True
拓尔思,10,4,2,0.5,True
拓山重工,1,0,0,,False
拓斯达,7,4,3,0.75,True
拓普集团,10,9,7,0.7777777777777778,True
拓维信息,10,1,1,1.0,True
拓荆科技,10,6,2,0.3333333333333333,True
拓邦股份,10,6,5,0.8333333333333334,True
招商公路,10,7,7,1.0,True
招商南油,10,4,4,1.0,True
招商港口,5,5,4,0.8,True
招商积余,10,8,5,0.625,True
招商蛇口,10,7,1,0.14285714285714285,True
招商证券,10,4,3,0.75,True
招商轮船,10,9,6,0.6666666666666666,True
招商银行,10,4,1,0.25,True
招金黄金,7,7,4,0.5714285714285714,True
拱东医疗,2,2,2,1.0,True
指南针,10,5,5,1.0,True
振华新材,1,0,0,,False
振华科技,10,6,3,0.5,True
振华股份,10,8,5,0.625,True
振华重工,5,3,3,1.0,True
振华风光,10,8,7,0.875,True
振德医疗,10,10,9,0.9,True
振江股份,8,8,8,1.0,True
振芯科技,8,6,6,1.0,True
振邦智能,3,2,2,1.0,True
捷佳伟创,9,6,5,0.8333333333333334,True
捷安高科,1,1,1,1.0,True
捷成股份,7,3,2,0.6666666666666666,True
捷捷微电,5,3,3,1.0,True
捷昌驱动,6,5,5,1.0,True
捷邦科技,6,5,5,1.0,True
捷顺科技,10,10,8,0.8,True
掌趣科技,10,1,0,0.0,True
掌阅科技,2,2,2,1.0,True
摩恩电气,1,1,1,1.0,True
播恩集团,1,0,0,,False
敏芯股份,9,8,4,0.5,True
敦煌种业,2,1,1,1.0,True
数字政通,7,4,4,1.0,True
数字认证,2,0,0,,False
数据港,10,5,5,1.0,True
数码视讯,4,2,1,0.5,True
敷尔佳,4,1,1,1.0,True
斯瑞新材,1,1,1,1.0,True
斯莱克,2,2,2,1.0,True
斯菱股份,10,10,4,0.4,True
斯达半导,5,2,2,1.0,True
斯迪克,4,4,1,0.25,True
新世界,2,1,0,0.0,True
新中港,1,1,1,1.0,True
新乳业,10,10,6,0.6,True
新五丰,5,3,1,0.3333333333333333,True
新亚电缆,10,5,5,1.0,True
新产业,10,6,6,1.0,True
新光药业,2,1,1,1.0,True
新兴装备,1,0,0,,False
新兴铸管,8,5,3,0.6,True
新农开发,1,1,1,1.0,True
新凤鸣,10,10,7,0.7,True
新劲刚,2,2,2,1.0,True
新北洋,2,2,1,0.5,True
新华传媒,1,0,0,,False
新华保险,10,8,5,0.625,True
新华制药,4,1,1,1.0,True
新华医疗,2,1,1,1.0,True
新华文轩,6,6,6,1.0,True
新华百货,2,1,1,1.0,True
新华网,5,4,4,1.0,True
新和成,10,5,4,0.8,True
新国都,2,1,1,1.0,True
新坐标,2,2,2,1.0,True
新城控股,10,7,4,0.5714285714285714,True
新大正,3,2,2,1.0,True
新大陆,10,6,5,0.8333333333333334,True
新天然气,10,9,4,0.4444444444444444,True
新天绿能,3,2,2,1.0,True
新天药业,2,2,2,1.0,True
新奥股份,10,9,8,0.8888888888888888,True
新媒股份,10,10,9,0.9,True
新安股份,2,2,0,0.0,True
新宏泽,4,3,3,1.0,True
新宙邦,10,9,3,0.3333333333333333,True
新宝股份,10,9,6,0.6666666666666666,True
新希望,10,3,2,0.6666666666666666,True
新开普,3,1,1,1.0,True
新开源,1,1,1,1.0,True
新强联,10,9,1,0.1111111111111111,True
新恒汇,10,9,9,1.0,True
新日股份,2,2,2,1.0,True
新时达,5,4,3,0.75,True
新易盛,10,5,2,0.4,True
新晨科技,1,0,0,,False
新泉股份,10,9,5,0.5555555555555556,True
新洁能,9,7,4,0.5714285714285714,True
新洋丰,10,10,5,0.5,True
新澳股份,3,3,3,1.0,True
新点软件,10,8,6,0.75,True
新特电气,1,1,1,1.0,True
新疆交建,1,0,0,,False
新疆众和,3,2,2,1.0,True
新疆天业,7,5,5,1.0,True
新益昌,9,9,6,0.6666666666666666,True
新相微,1,1,0,0.0,True
新经典,4,2,2,1.0,True
新美星,3,3,3,1.0,True
新联电子,4,3,3,1.0,True
新致软件,10,10,9,0.9,True
新莱应材,10,10,10,1.0,True
新莱福,1,1,1,1.0,True
新诺威,10,9,4,0.4444444444444444,True
新通联,3,2,2,1.0,True
新钢股份,10,8,6,0.75,True
新铝时代,4,1,1,1.0,True
新锐股份,10,9,7,0.7777777777777778,True
新集能源,10,8,3,0.375,True
新雷能,10,8,5,0.625,True
新风光,2,2,2,1.0,True
方大炭素,6,5,5,1.0,True
方大特钢,9,8,3,0.375,True
方正科技,1,1,1,1.0,True
方正证券,7,4,4,1.0,True
方盛制药,10,9,9,1.0,True
方直科技,2,2,2,1.0,True
方邦股份,1,1,1,1.0,True
旗滨集团,10,6,6,1.0,True
无线传媒,2,1,1,1.0,True
无锡振华,10,9,5,0.5555555555555556,True
无锡银行,5,5,4,0.8,True
日发精机,2,2,2,1.0,True
日播时尚,1,1,1,1.0,True
日月股份,10,9,7,0.7777777777777778,True
日照港,5,2,2,1.0,True
日盈电子,7,7,6,0.8571428571428571,True
日联科技,3,3,2,0.6666666666666666,True
日辰股份,1,0,0,,False
旭光电子,1,1,0,0.0,True
旭升集团,4,4,3,0.75,True
时代万恒,1,1,0,0.0,True
时代出版,5,5,5,1.0,True
时代新材,10,9,7,0.7777777777777778,True
时代电气,10,5,3,0.6,True
旷达科技,1,0,0,,False
旺能环境,10,10,7,0.7,True
昀冢科技,1,1,0,0.0,True
昂利康,5,5,5,1.0,True
昂立教育,2,2,1,0.5,True
昆仑万维,10,4,4,1.0,True
昆药集团,9,7,6,0.8571428571428571,True
昊华科技,10,10,4,0.4,True
昊华能源,6,4,4,1.0,True
昊帆生物,5,5,5,1.0,True
昊志机电,1,0,0,,False
昌红科技,2,1,1,1.0,True
明德生物,4,2,2,1.0,True
明志科技,2,2,2,1.0,True
明新旭腾,4,4,4,1.0,True
明月镜片,10,8,7,0.875,True
明泰铝业,10,9,7,0.7777777777777778,True
明阳智能,10,10,1,0.1,True
明阳电气,10,10,8,0.8,True
易华录,5,2,2,1.0,True
易天股份,2,2,2,1.0,True
易实精密,1,1,1,1.0,True
易德龙,3,2,2,1.0,True
易成新能,2,0,0,,False
易普力,6,6,4,0.6666666666666666,True
易点天下,10,7,4,0.5714285714285714,True
星云股份,1,1,1,1.0,True
星华新材,1,1,1,1.0,True
星宇股份,10,7,4,0.5714285714285714,True
星帅尔,10,9,7,0.7777777777777778,True
星德胜,1,1,1,1.0,True
星湖科技,5,4,4,1.0,True
星源卓镁,8,8,8,1.0,True
星源材质,10,4,2,0.5,True
星环科技,10,10,9,0.9,True
星球石墨,5,5,0,0.0,True
星网锐捷,10,8,6,0.75,True
星辉娱乐,3,1,1,1.0,True
映翰通,2,2,1,0.5,True
春光科技,1,1,1,1.0,True
春兰股份,3,3,3,1.0,True
春秋电子,1,1,1,1.0,True
春秋航空,10,8,4,0.5,True
春立医疗,8,8,7,0.875,True
春雪食品,3,2,2,1.0,True
春风动力,10,9,4,0.4444444444444444,True
昭衍新药,10,9,7,0.7777777777777778,True
昱能科技,3,2,1,0.5,True
显盈科技,3,2,2,1.0,True
晋控煤业,10,8,4,0.5,True
晋西车轴,1,0,0,,False
晓程科技,1,1,1,1.0,True
晓鸣股份,1,0,0,,False
晨光新材,1,1,0,0.0,True
晨光生物,3,3,3,1.0,True
晨光股份,10,8,5,0.625,True
普元信息,6,6,5,0.8333333333333334,True
普冉股份,5,4,4,1.0,True
普利特,5,3,1,0.3333333333333333,True
普天科技,4,4,4,1.0,True
普洛药业,10,10,7,0.7,True
普源精电,7,7,5,0.7142857142857143,True
普瑞眼科,10,10,7,0.7,True
普联软件,2,2,1,0.5,True
普莱得,2,2,1,0.5,True
普莱柯,1,0,0,,False
普蕊斯,7,7,5,0.7142857142857143,True
普路通,2,2,1,0.5,True
普门科技,4,3,3,1.0,True
景业智能,4,4,3,0.75,True
景兴纸业,1,1,0,0.0,True
景嘉微,10,5,5,1.0,True
景旺电子,10,9,5,0.5555555555555556,True
景津装备,10,10,4,0.4,True
晶丰明源,7,7,6,0.8571428571428571,True
晶升股份,1,1,0,0.0,True
晶华微,1,0,0,,False
晶合集成,7,3,3,1.0,True
晶品特装,10,9,7,0.7777777777777778,True
晶方科技,10,7,2,0.2857142857142857,True
晶晨股份,10,3,3,1.0,True
晶澳科技,10,9,5,0.5555555555555556,True
晶瑞电材,5,2,2,1.0,True
晶盛机电,10,2,2,1.0,True
晶科科技,2,1,1,1.0,True
晶科能源,10,7,7,1.0,True
智光电气,1,0,0,,False
智动力,1,1,1,1.0,True
智度股份,4,1,1,1.0,True
智微智能,10,8,8,1.0,True
智明达,10,10,7,0.7,True
智洋创新,5,4,4,1.0,True
智立方,2,2,2,1.0,True
智翔金泰,10,9,9,1.0,True
智莱科技,4,3,3,1.0,True
智迪科技,5,5,5,1.0,True
智飞生物,10,0,0,,False
曙光数创,10,10,10,1.0,True
曲江文旅,2,0,0,,False
曲美家居,2,2,2,1.0,True
曼卡龙,6,6,4,0.6666666666666666,True
曼恩斯特,2,1,1,1.0,True
有友食品,10,9,8,0.8888888888888888,True
有研新材,8,3,3,1.0,True
有研硅,3,0,0,,False
有研粉材,1,1,1,1.0,True
朗坤科技,1,0,0,,False
朗姿股份,1,0,0,,False
朗威股份,3,3,3,1.0,True
朗新集团,10,10,2,0.2,True
朗特智能,10,9,0,0.0,True
朗科智能,1,1,1,1.0,True
朗迪集团,1,1,1,1.0,True
朗鸿科技,2,2,1,0.5,True
朝阳科技,4,4,4,1.0,True
木林森,10,9,7,0.7777777777777778,True
本川智能,1,1,1,1.0,True
朱老六,1,1,1,1.0,True
机器人,10,4,4,1.0,True
机科股份,3,3,3,1.0,True
杉杉股份,1,0,0,,False
杭华股份,1,1,1,1.0,True
杭叉集团,10,6,6,1.0,True
杭可科技,8,8,6,0.75,True
杭州柯林,6,4,4,1.0,True
杭州热电,2,0,0,,False
杭州银行,10,10,3,0.3,True
杭氧股份,10,8,4,0.5,True
杭萧钢构,1,0,0,,False
杭钢股份,4,0,0,,False
杰克股份,10,8,5,0.625,True
杰华特,10,9,4,0.4444444444444444,True
杰普特,10,10,8,0.8,True
杰瑞股份,10,7,6,0.8571428571428571,True
松井股份,4,4,3,0.75,True
松原安全,7,6,1,0.16666666666666666,True
松霖科技,1,1,1,1.0,True
极米科技,10,9,6,0.6666666666666666,True
林泰新材,4,4,3,0.75,True
林洋能源,10,8,8,1.0,True
果麦文化,10,9,4,0.4444444444444444,True
柏星龙,2,2,2,1.0,True
柏楚电子,10,8,6,0.75,True
柯力传感,7,5,5,1.0,True
柳工,10,10,10,1.0,True
柳药集团,6,4,4,1.0,True
柳钢股份,1,1,1,1.0,True
标准股份,1,0,0,,False
栖霞建设,2,2,2,1.0,True
株冶集团,10,9,5,0.5555555555555556,True
格力博,2,2,2,1.0,True
格力电器,10,7,2,0.2857142857142857,True
格尔软件,1,0,0,,False
格林美,10,2,1,0.5,True
格灵深瞳,2,1,1,1.0,True
格科微,9,4,4,1.0,True
桂冠电力,8,8,6,0.75,True
桂发祥,1,1,1,1.0,True
桂林三金,3,3,3,1.0,True
桂林旅游,1,0,0,,False
桃李面包,4,3,2,0.6666666666666666,True
桐昆股份,10,9,4,0.4444444444444444,True
梅安森,3,3,2,0.6666666666666666,True
梅花生物,10,4,3,0.75,True
梅轮电梯,2,2,2,1.0,True
梦百合,1,1,0,0.0,True
梦网科技,4,1,1,1.0,True
森泰股份,2,2,2,1.0,True
森萱医药,4,4,4,1.0,True
森赫股份,1,1,1,1.0,True
森霸传感,1,1,1,1.0,True
森麒麟,10,9,5,0.5555555555555556,True
楚天科技,2,2,2,1.0,True
楚天高速,4,3,3,1.0,True
楚天龙,3,2,1,0.5,True
楚江新材,10,9,5,0.5555555555555556,True
楚环科技,5,5,5,1.0,True
概伦电子,7,6,5,0.8333333333333334,True
榕基软件,3,3,1,0.3333333333333333,True
横店东磁,10,9,7,0.7777777777777778,True
横店影视,6,5,4,0.8,True
欣天科技,2,1,0,0.0,True
欣旺达,10,4,1,0.25,True
欣灵电气,2,2,2,1.0,True
欣贺股份,1,1,1,1.0,True
欧亚集团,2,1,1,1.0,True
欧克科技,3,3,3,1.0,True
欧圣电气,10,9,7,0.7777777777777778,True
欧普康视,5,2,2,1.0,True
欧普照明,4,4,3,0.75,True
欧晶科技,4,1,0,0.0,True
欧林生物,8,5,5,1.0,True
欧派家居,10,10,10,1.0,True
欧福蛋业,1,1,0,0.0,True
欧科亿,1,1,1,1.0,True
欧菲光,10,2,0,0.0,True
欧陆通,8,8,6,0.75,True
歌力思,2,2,2,1.0,True
歌华有线,2,1,0,0.0,True
歌尔股份,10,7,3,0.42857142857142855,True
正业科技,3,1,1,1.0,True
正丹股份,2,0,0,,False
正元智慧,1,1,1,1.0,True
正帆科技,10,9,7,0.7777777777777778,True
正强股份,1,1,1,1.0,True
正泰电器,10,8,8,1.0,True
正海生物,3,3,3,1.0,True
正海磁材,10,7,1,0.14285714285714285,True
正裕工业,4,4,2,0.5,True
步步高,1,1,1,1.0,True
步科股份,10,9,9,1.0,True
步长制药,1,0,0,,False
武商集团,2,2,2,1.0,True
武汉凡谷,2,0,0,,False
武汉天源,1,1,1,1.0,True
武进不锈,3,3,3,1.0,True
每日互动,2,0,0,,False
毓恬冠佳,3,1,1,1.0,True
比亚迪,10,3,1,0.3333333333333333,True
比音勒芬,10,10,6,0.6,True
毕得医药,10,10,5,0.5,True
民丰特纸,1,1,1,1.0,True
民和股份,2,1,1,1.0,True
民士达,7,7,2,0.2857142857142857,True
民德电子,1,1,1,1.0,True
民爆光电,4,4,2,0.5,True
民生银行,10,9,7,0.7777777777777778,True
氯碱化工,2,0,0,,False
水井坊,10,8,8,1.0,True
水星家纺,3,3,2,0.6666666666666666,True
水晶光电,10,9,8,0.8888888888888888,True
水羊股份,4,4,2,0.5,True
永信至诚,3,3,3,1.0,True
永兴材料,10,8,4,0.5,True
永兴股份,5,5,5,1.0,True
永冠新材,1,1,1,1.0,True
永创智能,4,4,4,1.0,True
永和股份,2,2,0,0.0,True
永太科技,1,0,0,,False
永安期货,2,1,1,1.0,True
永新光学,5,5,4,0.8,True
永新股份,10,10,4,0.4,True
永杰新材,9,2,2,1.0,True
永泰能源,8,3,3,1.0,True
永臻股份,1,0,0,,False
永艺股份,1,1,1,1.0,True
永辉超市,10,9,3,0.3333333333333333,True
永顺泰,1,1,1,1.0,True
永鼎股份,3,2,2,1.0,True
汇中股份,1,1,0,0.0,True
汇创达,1,1,1,1.0,True
汇嘉时代,2,2,2,1.0,True
汇宇制药,3,2,2,1.0,True
汇川技术,10,3,1,0.3333333333333333,True
汇得科技,1,1,1,1.0,True
汇成真空,10,10,4,0.4,True
汇成股份,1,1,1,1.0,True
汇洁股份,1,1,1,1.0,True
汇源通信,4,3,2,0.6666666666666666,True
汇纳科技,1,1,1,1.0,True
汇绿生态,1,1,1,1.0,True
汇通控股,8,3,3,1.0,True
汇通能源,1,0,0,,False
汇通集团,1,1,1,1.0,True
汇顶科技,10,7,3,0.42857142857142855,True
汉仪股份,8,7,2,0.2857142857142857,True
汉威科技,10,10,9,0.9,True
汉宇集团,1,1,1,1.0,True
汉得信息,10,5,4,0.8,True
汉朔科技,7,3,3,1.0,True
汉森制药,1,1,1,1.0,True
汉王科技,2,2,2,1.0,True
汉缆股份,4,0,0,,False
汉钟精机,4,3,3,1.0,True
江中药业,10,9,8,0.8888888888888888,True
江丰电子,10,8,5,0.625,True
江化微,2,1,1,1.0,True
江南化工,7,6,6,1.0,True
江南新材,3,0,0,,False
江天化学,2,2,2,1.0,True
江山欧派,5,5,5,1.0,True
江山股份,10,9,3,0.3333333333333333,True
江河集团,7,4,4,1.0,True
江波龙,10,5,4,0.8,True
江海股份,10,10,6,0.6,True
江淮汽车,10,7,4,0.5714285714285714,True
江瀚新材,4,4,4,1.0,True
江特电机,5,0,0,,False
江航装备,4,2,1,0.5,True
江苏北人,1,0,0,,False
江苏国泰,3,3,2,0.6666666666666666,True
江苏新能,4,3,3,1.0,True
江苏有线,3,2,2,1.0,True
江苏神通,2,1,1,1.0,True
江苏索普,4,1,1,1.0,True
江苏金租,10,6,2,0.3333333333333333,True
江苏银行,10,6,2,0.3333333333333333,True
江苏雷利,6,4,3,0.75,True
江西铜业,10,2,2,1.0,True
江西长运,3,2,2,1.0,True
江铃汽车,4,3,3,1.0,True
江阴银行,10,8,7,0.875,True
汤姆猫,10,2,2,1.0,True
汤臣倍健,5,1,1,1.0,True
沃华医药,1,1,1,1.0,True
沃尔核材,10,3,3,1.0,True
沃格光电,6,6,6,1.0,True
沃森生物,10,4,2,0.5,True
沃顿科技,1,1,1,1.0,True
沈阳化工,2,2,1,0.5,True
沙河股份,1,0,0,,False
沙钢股份,9,3,1,0.3333333333333333,True
沧州明珠,1,0,0,,False
沪光股份,10,10,3,0.3,True
沪农商行,10,6,5,0.8333333333333334,True
沪电股份,10,7,3,0.42857142857142855,True
沪硅产业,10,1,1,1.0,True
河化股份,2,1,1,1.0,True
河钢股份,4,0,0,,False
河钢资源,8,8,7,0.875,True
泉峰汽车,1,0,0,,False
泓博医药,5,5,4,0.8,True
泓淋电力,1,1,1,1.0,True
法兰泰克,10,10,5,0.5,True
法拉电子,10,8,6,0.75,True
泛微网络,10,10,9,0.9,True
波长光电,10,10,10,1.0,True
泰凌微,10,10,2,0.2,True
泰和新材,3,3,3,1.0,True
泰嘉股份,1,1,1,1.0,True
泰坦科技,1,1,1,1.0,True
泰山石油,3,3,3,1.0,True
泰恩康,10,10,1,0.1,True
泰慕士,2,2,2,1.0,True
泰晶科技,2,1,1,1.0,True
泰林生物,1,1,0,0.0,True
泰格医药,10,6,5,0.8333333333333334,True
泰瑞机器,1,1,1,1.0,True
泰祥股份,1,0,0,,False
泰禾股份,10,2,2,1.0,True
泰胜风能,2,1,1,1.0,True
泰豪科技,10,10,7,0.7,True
泸州老窖,10,5,3,0.6,True
泽宇智能,1,1,1,1.0,True
泽璟制药,10,9,4,0.4444444444444444,True
洁特生物,5,5,5,1.0,True
洁美科技,6,5,2,0.4,True
洁雅股份,1,1,0,0.0,True
洋河股份,10,3,2,0.6666666666666666,True
洛阳钼业,10,5,1,0.2,True
津滨发展,2,0,0,,False
津膜科技,1,1,1,1.0,True
津荣天宇,1,1,1,1.0,True
津药药业,4,4,2,0.5,True
洪城环境,10,8,6,0.75,True
洪汇新材,3,3,3,1.0,True
洪田股份,3,3,1,0.3333333333333333,True
洪都航空,10,8,4,0.5,True
洲明科技,10,9,2,0.2222222222222222,True
洲际油气,1,1,1,1.0,True
洽洽食品,10,8,8,1.0,True
派克新材,3,3,2,0.6666666666666666,True
派斯林,2,1,1,1.0,True
派林生物,10,9,3,0.3333333333333333,True
派能科技,10,6,5,0.8333333333333334,True
流金科技,1,1,1,1.0,True
济川药业,10,7,4,0.5714285714285714,True
浙商中拓,1,1,1,1.0,True
浙商证券,10,5,2,0.4,True
浙商银行,10,9,8,0.8888888888888888,True
浙富控股,8,6,6,1.0,True
浙数文化,10,5,3,0.6,True
浙文互联,2,0,0,,False
浙江东方,5,2,2,1.0,True
浙江交科,7,6,5,0.8333333333333334,True
浙江力诺,2,2,2,1.0,True
浙江医药,6,5,4,0.8,True
浙江华远,10,6,6,1.0,True
浙江建投,4,0,0,,False
浙江新能,1,1,1,1.0,True
浙江永强,3,0,0,,False
浙江自然,10,8,8,1.0,True
浙江荣泰,10,10,4,0.4,True
浙江震元,1,1,1,1.0,True
浙江鼎力,10,8,4,0.5,True
浙江龙盛,10,9,7,0.7777777777777778,True
浙海德曼,5,5,4,0.8,True
浙版传媒,2,1,1,1.0,True
浙能电力,10,7,5,0.7142857142857143,True
浦东建设,5,0,0,,False
浦东金桥,4,3,3,1.0,True
浦发银行,10,2,1,0.5,True
浩欧博,10,10,8,0.8,True
浩洋股份,5,4,4,1.0,True
浩通科技,5,5,4,0.8,True
浪潮信息,10,1,1,1.0,True
浪潮软件,2,2,2,1.0,True
浪莎股份,5,3,3,1.0,True
海优新材,5,5,2,0.4,True
海伦哲,1,1,1,1.0,True
海信家电,10,9,6,0.6666666666666666,True
海信视像,10,9,2,0.2222222222222222,True
海光信息,10,2,0,0.0,True
海兰信,6,5,5,1.0,True
海兴电力,10,8,5,0.625,True
海创药业,9,9,9,1.0,True
海利得,4,4,4,1.0,True
海利生物,1,1,1,1.0,True
海力风电,10,10,6,0.6,True
海南华铁,7,4,3,0.75,True
海南发展,2,0,0,,False
海南机场,10,1,0,0.0,True
海南橡胶,10,7,7,1.0,True
海南矿业,2,0,0,,False
海南高速,1,0,0,,False
海博思创,7,7,4,0.5714285714285714,True
海大集团,10,5,2,0.4,True
海天味业,10,2,2,1.0,True
海天瑞声,3,2,2,1.0,True
海天股份,2,2,1,0.5,True
海容冷链,10,10,8,0.8,True
海尔智家,10,6,3,0.5,True
海尔生物,5,3,3,1.0,True
海峡环保,1,1,0,0.0,True
海峡股份,2,0,0,,False
海康威视,10,3,2,0.6666666666666666,True
海得控制,2,1,1,1.0,True
海德股份,1,0,0,,False
海思科,10,10,1,0.1,True
海昌新材,1,1,0,0.0,True
海星股份,7,6,6,1.0,True
海普瑞,2,1,1,1.0,True
海格通信,10,2,2,1.0,True
海欣食品,1,1,1,1.0,True
海正生材,1,1,1,1.0,True
海正药业,10,8,6,0.75,True
海油发展,9,8,7,0.875,True
海油工程,10,4,3,0.75,True
海波重科,2,1,1,1.0,True
海泰新光,10,9,7,0.7777777777777778,True
海泰新能,1,1,1,1.0,True
海泰科,1,1,1,1.0,True
海澜之家,10,5,4,0.8,True
海特高新,3,2,2,1.0,True
海目星,2,1,1,1.0,True
海看股份,1,1,0,0.0,True
海立股份,2,1,1,1.0,True
海能实业,10,10,9,0.9,True
海能技术,8,8,5,0.625,True
海能达,4,0,0,,False
海航控股,1,1,1,1.0,True
海航科技,1,0,0,,False
海螺水泥,10,6,5,0.8333333333333334,True
海象新材,1,0,0,,False
海达尔,2,2,2,1.0,True
海达股份,3,3,3,1.0,True
海通发展,6,6,6,1.0,True
海量数据,1,1,1,1.0,True
海锅股份,1,1,1,1.0,True
海阳科技,10,3,3,1.0,True
海顺新材,1,1,1,1.0,True
海鸥住工,1,1,0,0.0,True
涛涛车业,10,10,6,0.6,True
润丰股份,10,10,1,0.1,True
润和软件,10,0,0,,False
润建股份,10,10,10,1.0,True
润本股份,9,9,7,0.7777777777777778,True
润欣科技,6,6,6,1.0,True
润泽科技,10,5,5,1.0,True
润贝航科,3,3,2,0.6666666666666666,True
润达医疗,10,10,8,0.8,True
润邦股份,4,4,4,1.0,True
润都股份,4,4,4,1.0,True
润阳科技,1,1,1,1.0,True
涪陵榨菜,10,7,5,0.7142857142857143,True
涪陵电力,3,2,1,0.5,True
淮北矿业,10,6,6,1.0,True
淮河能源,1,0,0,,False
深中华A,1,1,0,0.0,True
深信服,10,5,1,0.2,True
深南电路,10,7,7,1.0,True
深圳华强,5,2,2,1.0,True
深圳机场,9,8,7,0.875,True
深圳燃气,3,3,3,1.0,True
深圳瑞捷,1,1,1,1.0,True
深圳能源,2,0,0,,False
深城交,1,1,1,1.0,True
深天马A,10,9,4,0.4444444444444444,True
深振业A,1,0,0,,False
深桑达A,4,3,2,0.6666666666666666,True
深深房A,1,0,0,,False
深物业A,1,0,0,,False
深科技,2,1,0,0.0,True
深科达,4,4,3,0.75,True
深粮控股,5,3,2,0.6666666666666666,True
深赛格,1,0,0,,False
深高速,6,3,3,1.0,True
淳中科技,1,0,0,,False
清源股份,1,1,1,1.0,True
清溢光电,1,1,1,1.0,True
清越科技,4,4,4,1.0,True
渝农商行,10,8,4,0.5,True
渝开发,4,3,3,1.0,True
渤海租赁,10,10,10,1.0,True
渤海轮渡,10,10,2,0.2,True
温州宏丰,1,1,1,1.0,True
温氏股份,10,2,0,0.0,True
港迪技术,1,1,1,1.0,True
游族网络,2,1,1,1.0,True
湖北宜化,2,1,1,1.0,True
湖北能源,9,8,8,1.0,True
湖南海利,5,5,4,0.8,True
湖南白银,5,4,4,1.0,True
湖南裕能,10,7,6,0.8571428571428571,True
湖南黄金,10,8,3,0.375,True
湘佳股份,1,0,0,,False
湘潭电化,1,0,0,,False
湘电股份,10,8,5,0.625,True
湘财股份,7,4,4,1.0,True
源杰科技,6,5,1,0.2,True
源飞宠物,1,1,1,1.0,True
溢多利,1,0,0,,False
满坤科技,7,7,4,0.5714285714285714,True
滨江集团,10,8,7,0.875,True
漫步者,10,8,7,0.875,True
潍柴动力,10,9,4,0.4444444444444444,True
潍柴重机,10,10,7,0.7,True
潜能恒信,3,1,1,1.0,True
潞安环能,10,5,3,0.6,True
潮宏基,10,9,5,0.5555555555555556,True
澜起科技,10,1,0,0.0,True
澳华内镜,10,10,8,0.8,True
澳弘电子,4,4,1,0.25,True
濮耐股份,4,4,0,0.0,True
濮阳惠成,1,1,1,1.0,True
瀚川智能,2,1,0,0.0,True
瀚蓝环境,10,10,2,0.2,True
火星人,1,0,0,,False
火炬电子,10,7,4,0.5714285714285714,True
灿勤科技,3,3,3,1.0,True
灿芯股份,6,6,6,1.0,True
炬光科技,6,5,3,0.6,True
炬华科技,10,8,8,1.0,True
炬芯科技,10,9,8,0.8888888888888888,True
热景生物,10,9,2,0.2222222222222222,True
烽火电子,3,3,2,0.6666666666666666,True
烽火通信,10,8,5,0.625,True
焦作万方,3,3,3,1.0,True
焦点科技,10,10,8,0.8,True
煜邦电力,1,1,1,1.0,True
熙菱信息,1,1,1,1.0,True
熵基科技,1,1,1,1.0,True
燕东微,3,1,1,1.0,True
燕京啤酒,10,9,4,0.4444444444444444,True
燕麦科技,10,8,8,1.0,True
爱仕达,1,1,1,1.0,True
爱博医疗,10,9,8,0.8888888888888888,True
爱威科技,2,2,2,1.0,True
爱婴室,5,4,4,1.0,True
爱尔眼科,10,1,1,1.0,True
爱建集团,1,0,0,,False
爱施德,3,1,1,1.0,True
爱旭股份,10,10,7,0.7,True
爱朋医疗,2,1,1,1.0,True
爱柯迪,10,9,6,0.6666666666666666,True
爱玛科技,10,9,7,0.7777777777777778,True
爱科赛博,1,1,1,1.0,True
爱美客,10,1,0,0.0,True
片仔癀,10,3,2,0.6666666666666666,True
牧原股份,10,4,1,0.25,True
牧高笛,1,1,1,1.0,True
物产中大,7,4,3,0.75,True
物产环能,2,2,1,0.5,True
物产金轮,1,0,0,,False
特一药业,7,6,5,0.8333333333333334,True
特力A,3,1,1,1.0,True
特发信息,2,2,2,1.0,True
特发服务,2,1,1,1.0,True
特变电工,10,6,0,0.0,True
特宝生物,10,7,3,0.42857142857142855,True
特锐德,10,5,5,1.0,True
王子新材,1,1,1,1.0,True
王府井,2,1,1,1.0,True
环旭电子,10,9,5,0.5555555555555556,True
环球印务,1,1,1,1.0,True
玲珑轮胎,10,8,8,1.0,True
珀莱雅,10,8,5,0.625,True
珂玛科技,10,4,2,0.5,True
珠免集团,3,0,0,,False
珠城科技,2,2,2,1.0,True
珠江啤酒,10,7,6,0.8571428571428571,True
珠江股份,1,0,0,,False
珠海冠宇,10,7,3,0.42857142857142855,True
球冠电缆,1,1,1,1.0,True
理工导航,3,2,1,0.5,True
理工能科,1,1,0,0.0,True
琏升科技,5,5,4,0.8,True
瑜欣电子,6,6,5,0.8333333333333334,True
瑞丰光电,4,4,4,1.0,True
瑞丰新材,10,8,8,1.0,True
瑞丰银行,7,6,4,0.6666666666666666,True
瑞华技术,2,2,1,0.5,True
瑞华泰,2,2,2,1.0,True
瑞可达,10,9,8,0.8888888888888888,True
瑞尔特,3,3,2,0.6666666666666666,True
瑞普生物,10,7,5,0.7142857142857143,True
瑞松科技,1,0,0,,False
瑞泰新材,4,1,1,1.0,True
瑞纳智能,1,1,1,1.0,True
瑞联新材,4,4,4,1.0,True
瑞芯微,10,6,2,0.3333333333333333,True
瑞茂通,1,1,1,1.0,True
瑞迈特,6,6,1,0.16666666666666666,True
瑞迪智驱,5,5,5,1.0,True
瑞鹄模具,10,10,8,0.8,True
璞泰来,10,8,4,0.5,True
甘化科工,1,1,1,1.0,True
甘李药业,10,5,4,0.8,True
甘源食品,8,8,7,0.875,True
甘肃能化,1,0,0,,False
甘肃能源,6,6,4,0.6666666666666666,True
生意宝,1,1,1,1.0,True
生物股份,8,2,2,1.0,True
生益电子,10,10,4,0.4,True
生益科技,10,7,6,0.8571428571428571,True
用友网络,10,5,4,0.8,True
甬矽电子,10,7,7,1.0,True
甬金股份,8,8,6,0.75,True
申万宏源,10,1,1,1.0,True
申能股份,10,8,6,0.75,True
申菱环境,10,10,9,0.9,True
申达股份,2,2,2,1.0,True
申通地铁,2,1,1,1.0,True
申通快递,10,10,8,0.8,True
电子城,1,0,0,,False
电广传媒,6,5,4,0.8,True
电投产融,1,0,0,,False
电投能源,10,8,8,1.0,True
电科数字,2,2,1,0.5,True
电科网安,8,4,3,0.75,True
电科芯片,4,3,3,1.0,True
电连技术,10,7,5,0.7142857142857143,True
电魂网络,6,5,4,0.8,True
畅联股份,2,1,1,1.0,True
登云股份,1,1,1,1.0,True
登康口腔,10,9,8,0.8888888888888888,True
登海种业,4,3,3,1.0,True
白云山,10,6,5,0.8333333333333334,True
白云机场,10,9,7,0.7777777777777778,True
白云电器,1,1,1,1.0,True
白银有色,1,0,0,,False
百亚股份,10,10,2,0.2,True
百傲化学,3,3,0,0.0,True
百克生物,4,2,2,1.0,True
百利天恒,10,7,3,0.42857142857142855,True
百合股份,2,2,2,1.0,True
百合花,1,1,1,1.0,True
百奥泰,1,1,1,1.0,True
百川股份,1,0,0,,False
百普赛斯,10,7,7,1.0,True
百洋医药,7,6,6,1.0,True
百济神州,10,9,7,0.7777777777777778,True
百润股份,10,10,7,0.7,True
百联股份,5,3,3,1.0,True
百诚医药,3,3,3,1.0,True
百隆东方,2,1,1,1.0,True
百龙创园,10,8,6,0.75,True
皇氏集团,1,1,1,1.0,True
皇马科技,10,9,0,0.0,True
皓元医药,10,9,7,0.7777777777777778,True
皖仪科技,10,10,2,0.2,True
皖新传媒,10,9,5,0.5555555555555556,True
皖维高新,9,8,6,0.75,True
皖能电力,10,8,5,0.625,True
皖通科技,1,0,0,,False
皖通高速,10,9,7,0.7777777777777778,True
盈峰环境,5,4,4,1.0,True
盈康生命,1,1,1,1.0,True
盈建科,1,1,1,1.0,True
盈新发展,1,0,0,,False
盈趣科技,5,5,3,0.6,True
益丰药房,10,8,8,1.0,True
益客食品,1,0,0,,False
益方生物,10,10,8,0.8,True
益民集团,2,1,1,1.0,True
益生股份,7,6,3,0.5,True
益诺思,4,4,4,1.0,True
盐津铺子,10,9,4,0.4444444444444444,True
盐湖股份,10,7,2,0.2857142857142857,True
盘江股份,2,0,0,,False
盘龙药业,2,1,1,1.0,True
盛和资源,9,4,4,1.0,True
盛天网络,10,9,7,0.7777777777777778,True
盛弘股份,10,8,3,0.375,True
盛德鑫泰,1,1,1,1.0,True
盛新锂能,7,7,4,0.5714285714285714,True
盛景微,2,1,1,1.0,True
盛洋科技,1,1,1,1.0,True
盛科通信,9,6,5,0.8333333333333334,True
盛美上海,10,5,4,0.8,True
盛航股份,5,5,4,0.8,True
盛视科技,1,1,1,1.0,True
盛路通信,6,4,4,1.0,True
盛达资源,10,8,4,0.5,True
盛邦安全,4,3,2,0.6666666666666666,True
盟升电子,10,8,8,1.0,True
盟固利,4,0,0,,False
盾安环境,10,6,4,0.6666666666666666,True
省广集团,6,2,2,1.0,True
真兰仪表,1,1,1,1.0,True
睿创微纳,10,7,2,0.2857142857142857,True
睿昂基因,1,1,1,1.0,True
睿能科技,1,1,1,1.0,True
矩阵股份,2,2,2,1.0,True
石化油服,2,1,1,1.0,True
石基信息,5,3,2,0.6666666666666666,True
石头科技,10,5,1,0.2,True
石英股份,10,8,5,0.625,True
硅宝科技,4,3,3,1.0,True
硅烷科技,2,2,2,1.0,True
硕世生物,2,2,2,1.0,True
确成股份,10,9,7,0.7777777777777778,True
碧水源,2,0,0,,False
磁谷科技,2,2,2,1.0,True
神农集团,10,8,6,0.75,True
神剑股份,1,0,0,,False
神宇股份,1,0,0,,False
神州信息,2,1,1,1.0,True
神州数码,6,4,3,0.75,True
神州泰岳,10,3,2,0.6666666666666666,True
神州细胞,6,5,4,0.8,True
神工股份,10,10,4,0.4,True
神思电子,1,1,1,1.0,True
神火股份,10,9,5,0.5555555555555556,True
神通科技,2,2,1,0.5,True
神马电力,7,7,4,0.5714285714285714,True
神马股份,2,1,1,1.0,True
神驰机电,1,1,1,1.0,True
祥源文旅,10,10,9,0.9,True
祥源新材,4,4,4,1.0,True
祥生医疗,10,10,8,0.8,True
祥鑫科技,10,10,9,0.9,True
福光股份,10,9,5,0.5555555555555556,True
福安药业,1,1,1,1.0,True
福建水泥,1,1,1,1.0,True
福建高速,10,9,9,1.0,True
福斯特,10,9,8,0.8888888888888888,True
福斯达,9,9,9,1.0,True
福昕软件,10,7,5,0.7142857142857143,True
福星股份,1,0,0,,False
福晶科技,10,8,5,0.625,True
福然德,2,2,2,1.0,True
福瑞股份,10,9,4,0.4444444444444444,True
福瑞达,1,0,0,,False
福田汽车,3,2,2,1.0,True
福立旺,10,9,9,1.0,True
福耀玻璃,10,9,2,0.2222222222222222,True
福能东方,1,1,1,1.0,True
福能股份,10,9,3,0.3333333333333333,True
福莱新材,4,4,3,0.75,True
福莱特,10,9,9,1.0,True
福蓉科技,1,0,0,,False
福赛科技,2,1,0,0.0,True
福达股份,10,8,1,0.125,True
禾丰股份,2,2,2,1.0,True
禾川科技,5,4,4,1.0,True
禾昌聚合,1,1,1,1.0,True
禾望电气,10,8,4,0.5,True
禾盛新材,2,2,2,1.0,True
禾迈股份,3,3,3,1.0,True
秀强股份,2,2,2,1.0,True
秋田微,1,1,1,1.0,True
科伦药业,10,8,0,0.0,True
科信技术,1,1,1,1.0,True
科兴制药,10,9,8,0.8888888888888888,True
科创新源,2,2,2,1.0,True
科前生物,2,2,2,1.0,True
科力尔,2,1,1,1.0,True
科力远,1,0,0,,False
科华数据,10,10,10,1.0,True
科博达,10,9,7,0.7777777777777778,True
科士达,10,8,8,1.0,True
科大智能,2,1,1,1.0,True
科大讯飞,10,2,1,0.5,True
科威尔,2,2,2,1.0,True
科安达,4,4,4,1.0,True
科德数控,3,1,0,0.0,True
科思科技,10,6,6,1.0,True
科思股份,1,0,0,,False
科恒股份,1,0,0,,False
科拓生物,3,3,3,1.0,True
科沃斯,10,6,3,0.5,True
科泰电源,10,10,5,0.5,True
科润智控,1,1,1,1.0,True
科源制药,1,0,0,,False
科瑞技术,4,3,3,1.0,True
科翔股份,1,1,1,1.0,True
科蓝软件,4,1,1,1.0,True
科达利,10,9,1,0.1111111111111111,True
科达制造,10,9,9,1.0,True
科远智慧,8,6,5,0.8333333333333334,True
科锐国际,10,6,4,0.6666666666666666,True
科隆股份,2,1,1,1.0,True
科顺股份,5,4,3,0.75,True
秦安股份,5,3,1,0.3333333333333333,True
秦川机床,6,5,4,0.8,True
秦川物联,1,1,1,1.0,True
移为通信,1,0,0,,False
移远通信,10,9,6,0.6666666666666666,True
税友股份,10,10,5,0.5,True
稳健医疗,10,7,3,0.42857142857142855,True
立中集团,1,0,0,,False
立华股份,10,8,6,0.75,True
立新能源,2,0,0,,False
立方制药,5,5,5,1.0,True
立昂微,3,2,1,0.5,True
立讯精密,10,4,2,0.5,True
立霸股份,1,1,1,1.0,True
立高食品,10,8,7,0.875,True
竞业达,5,5,3,0.6,True
章源钨业,3,2,2,1.0,True
第一创业,10,5,4,0.8,True
第一医药,5,4,3,0.75,True
箭牌家居,3,3,2,0.6666666666666666,True
米奥会展,6,5,5,1.0,True
粤传媒,1,1,1,1.0,True
粤海饲料,1,1,1,1.0,True
粤电力A,2,1,1,1.0,True
粤高速A,10,9,7,0.7777777777777778,True
精华制药,4,0,0,,False
精工科技,1,0,0,,False
精工钢构,10,9,8,0.8888888888888888,True
精智达,10,10,9,0.9,True
精测电子,10,9,8,0.8888888888888888,True
精研科技,1,0,0,,False
精达股份,10,10,9,0.9,True
精锻科技,7,7,7,1.0,True
索菲亚,10,9,8,0.8888888888888888,True
索辰科技,10,10,9,0.9,True
索通发展,10,8,4,0.5,True
紫光国微,10,5,3,0.6,True
紫光股份,10,1,1,1.0,True
紫建电子,7,7,7,1.0,True
紫江企业,8,7,7,1.0,True
紫燕食品,2,1,1,1.0,True
紫金矿业,10,4,2,0.5,True
紫金银行,1,1,0,0.0,True
红四方,2,2,2,1.0,True
红塔证券,2,0,0,,False
红墙股份,1,1,1,1.0,True
红旗连锁,4,3,3,1.0,True
红日药业,1,0,0,,False
红星发展,1,1,1,1.0,True
纳尔股份,1,1,0,0.0,True
纳微科技,3,3,2,0.6666666666666666,True
纳思达,10,8,1,0.125,True
纳睿雷达,10,10,4,0.4,True
纳科诺尔,10,10,6,0.6,True
纳芯微,10,7,5,0.7142857142857143,True
纵横股份,10,10,6,0.6,True
纵横通信,8,8,7,0.875,True
纽威数控,2,0,0,,False
纽威股份,10,9,3,0.3333333333333333,True
经纬恒润,7,7,6,0.8571428571428571,True
绝味食品,1,1,1,1.0,True
统联精密,4,3,2,0.6666666666666666,True
继峰股份,10,6,3,0.5,True
维业股份,1,1,1,1.0,True
维力医疗,8,7,4,0.5714285714285714,True
维峰电子,6,6,5,0.8333333333333334,True
维海德,1,1,1,1.0,True
维维股份,2,2,1,0.5,True
综艺股份,1,1,1,1.0,True
绿地控股,2,0,0,,False
绿城水务,1,1,1,1.0,True
绿田机械,2,2,1,0.5,True
绿的谐波,10,3,3,1.0,True
绿盟科技,10,7,7,1.0,True
绿联科技,8,6,6,1.0,True
绿能慧充,10,10,5,0.5,True
网宿科技,10,4,2,0.5,True
罗博特科,10,8,7,0.875,True
罗普斯金,1,1,1,1.0,True
罗普特,1,1,0,0.0,True
罗曼股份,2,2,2,1.0,True
罗牛山,3,0,0,,False
罗莱生活,7,7,3,0.42857142857142855,True
美亚光电,10,10,8,0.8,True
美农生物,1,1,1,1.0,True
美凯龙,1,1,1,1.0,True
美利信,1,1,1,1.0,True
美埃科技,9,9,7,0.7777777777777778,True
美好医疗,10,9,8,0.8888888888888888,True
美年健康,10,8,7,0.875,True
美格智能,7,6,6,1.0,True
美湖股份,8,8,5,0.625,True
美畅股份,7,6,4,0.6666666666666666,True
美登科技,1,1,1,1.0,True
美的集团,10,6,1,0.16666666666666666,True
美盈森,2,2,2,1.0,True
美硕科技,1,0,0,,False
美芯晟,10,9,4,0.4444444444444444,True
美诺华,3,3,3,1.0,True
美迪凯,1,0,0,,False
美迪西,1,1,0,0.0,True
美锦能源,5,0,0,,False
羚锐制药,10,10,6,0.6,True
群兴玩具,1,1,1,1.0,True
翔宇医疗,10,10,8,0.8,True
翔楼新材,10,9,7,0.7777777777777778,True
翔港科技,3,3,3,1.0,True
翠微股份,2,0,0,,False
翰博高新,1,1,1,1.0,True
翰宇药业,2,2,2,1.0,True
翱捷科技,10,5,4,0.8,True
耀皮玻璃,1,0,0,,False
老凤祥,7,6,4,0.6666666666666666,True
老板电器,10,9,8,0.8888888888888888,True
老白干酒,10,8,7,0.875,True
老百姓,9,8,4,0.5,True
耐普矿机,10,8,5,0.625,True
耐科装备,1,1,1,1.0,True
联创光电,10,5,1,0.2,True
联创电子,9,6,4,0.6666666666666666,True
联动科技,2,2,2,1.0,True
联化科技,10,9,9,1.0,True
联合化学,1,1,1,1.0,True
联合水务,2,0,0,,False
联域股份,1,1,1,1.0,True
联影医疗,10,4,3,0.75,True
联得装备,8,8,8,1.0,True
联德股份,10,10,2,0.2,True
联泓新科,4,3,3,1.0,True
联测科技,1,1,1,1.0,True
联特科技,2,1,1,1.0,True
联环药业,2,2,2,1.0,True
联瑞新材,10,10,6,0.6,True
联科科技,1,1,0,0.0,True
联芸科技,4,4,4,1.0,True
联赢激光,10,9,5,0.5555555555555556,True
聚光科技,10,10,6,0.6,True
聚合顺,10,10,10,1.0,True
聚和材料,10,9,9,1.0,True
聚灿光电,2,0,0,,False
聚胶股份,5,5,0,0.0,True
聚赛龙,1,1,1,1.0,True
聚辰股份,10,6,3,0.5,True
聚飞光电,10,5,4,0.8,True
肇民科技,10,8,5,0.625,True
肯特催化,9,1,1,1.0,True
胜利股份,2,1,1,1.0,True
胜宏科技,10,6,0,0.0,True
胜科纳米,10,6,6,1.0,True
能特科技,2,2,2,1.0,True
能科科技,10,8,7,0.875,True
腾亚精工,5,4,4,1.0,True
腾远钴业,1,0,0,,False
至纯科技,1,1,1,1.0,True
致尚科技,4,4,4,1.0,True
致欧科技,2,1,1,1.0,True
致远互联,10,10,9,0.9,True
臻镭科技,10,10,2,0.2,True
舍得酒业,6,5,5,1.0,True
航亚科技,10,10,7,0.7,True
航发动力,10,4,0,0.0,True
航发控制,10,10,9,0.9,True
航发科技,3,2,2,1.0,True
航天信息,6,5,5,1.0,True
航天南湖,10,10,8,0.8,True
航天发展,3,1,0,0.0,True
航天宏图,7,5,3,0.6,True
航天工程,7,6,4,0.6666666666666666,True
航天彩虹,10,8,4,0.5,True
航天智装,5,3,3,1.0,True
航天智造,7,6,6,1.0,True
航天机电,1,1,1,1.0,True
航天环宇,2,2,1,0.5,True
航天电器,10,8,3,0.375,True
航天电子,10,5,4,0.8,True
航天科技,5,2,2,1.0,True
航天软件,1,1,0,0.0,True
航天长峰,1,1,1,1.0,True
航宇科技,10,10,9,0.9,True
航材股份,7,3,3,1.0,True
航民股份,6,3,0,0.0,True
航锦科技,4,1,1,1.0,True
良信股份,10,9,3,0.3333333333333333,True
艾为电子,9,7,4,0.5714285714285714,True
艾力斯,10,6,5,0.8333333333333334,True
艾华集团,4,3,3,1.0,True
艾布鲁,5,5,1,0.2,True
艾德生物,9,7,5,0.7142857142857143,True
艾比森,2,2,2,1.0,True
艾罗能源,4,4,4,1.0,True
艾融软件,10,10,0,0.0,True
艾迪精密,2,2,2,1.0,True
艾迪药业,8,6,6,1.0,True
艾隆科技,4,4,3,0.75,True
节能环境,2,1,1,1.0,True
节能风电,4,1,1,1.0,True
芒果超媒,7,4,3,0.75,True
芭田股份,10,8,7,0.875,True
芯动联科,10,8,4,0.5,True
芯原股份,10,4,4,1.0,True
芯朋微,6,5,5,1.0,True
芯海科技,7,6,5,0.8333333333333334,True
芯源微,10,8,3,0.375,True
芯碁微装,10,8,2,0.25,True
芯联集成,10,5,5,1.0,True
花园生物,10,9,2,0.2222222222222222,True
芳源股份,2,2,2,1.0,True
苏交科,1,1,1,1.0,True
苏农银行,10,10,9,0.9,True
苏垦农发,10,10,5,0.5,True
苏大维格,2,2,2,1.0,True
苏宁环球,1,0,0,,False
苏州固锝,4,1,1,1.0,True
苏州天脉,10,10,8,0.8,True
苏州科达,9,9,9,1.0,True
苏州银行,10,8,7,0.875,True
苏州高新,1,0,0,,False
苏常柴A,2,2,2,1.0,True
苏泊尔,10,9,9,1.0,True
苏盐井神,7,6,6,1.0,True
苏美达,10,8,8,1.0,True
苏能股份,4,0,0,,False
苏试试验,10,9,7,0.7777777777777778,True
苏轴股份,9,9,8,0.8888888888888888,True
苑东生物,10,9,4,0.4444444444444444,True
若羽臣,10,10,4,0.4,True
英利汽车,2,1,1,1.0,True
英力股份,1,1,1,1.0,True
英华特,2,1,1,1.0,True
英唐智控,1,0,0,,False
英思特,1,0,0,,False
英搏尔,10,10,4,0.4,True
英方软件,1,1,1,1.0,True
英杰电气,5,4,2,0.5,True
英洛华,5,1,1,1.0,True
英派斯,5,5,4,0.8,True
英特集团,1,1,1,1.0,True
英科再生,4,4,3,0.75,True
英科医疗,10,6,4,0.6666666666666666,True
英维克,10,9,3,0.3333333333333333,True
英联股份,2,2,2,1.0,True
英诺激光,2,2,1,0.5,True
英诺特,1,1,1,1.0,True
英集芯,1,0,0,,False
英飞特,1,1,1,1.0,True
茂莱光学,10,10,7,0.7,True
荃银高科,10,8,7,0.875,True
荣信文化,3,2,2,1.0,True
荣安地产,2,0,0,,False
荣昌生物,10,8,6,0.75,True
荣晟环保,1,1,1,1.0,True
荣泰健康,2,2,2,1.0,True
荣盛发展,1,0,0,,False
荣盛石化,8,6,5,0.8333333333333334,True
药康生物,8,7,4,0.5714285714285714,True
药明康德,10,4,2,0.5,True
药易购,1,0,0,,False
药石科技,3,1,1,1.0,True
莎普爱思,1,1,1,1.0,True
莱伯泰科,1,1,1,1.0,True
莱克电气,3,2,2,1.0,True
莱宝高科,1,1,1,1.0,True
莱尔科技,1,1,1,1.0,True
莱斯信息,10,10,8,0.8,True
莱特光电,10,9,0,0.0,True
莱绅通灵,10,10,6,0.6,True
莲花控股,1,0,0,,False
菜百股份,4,4,3,0.75,True
菱电电控,1,1,1,1.0,True
菲利华,10,8,2,0.25,True
菲沃泰,3,3,2,0.6666666666666666,True
菲菱科思,3,3,2,0.6666666666666666,True
萤石网络,7,4,1,0.25,True
葵花药业,3,1,1,1.0,True
蒙娜丽莎,1,1,1,1.0,True
蒙草生态,1,1,1,1.0,True
蓝天燃气,8,6,6,1.0,True
蓝宇股份,7,2,2,1.0,True
蓝思科技,10,7,7,1.0,True
蓝晓科技,10,8,1,0.125,True
蓝特光学,10,10,10,1.0,True
蓝盾光电,2,1,0,0.0,True
蓝箭电子,2,1,1,1.0,True
蓝色光标,10,2,2,1.0,True
蓝黛科技,10,10,8,0.8,True
蔚蓝生物,1,0,0,,False
蔚蓝锂芯,10,6,4,0.6666666666666666,True
藏格矿业,10,6,3,0.5,True
虹软科技,10,10,2,0.2,True
蜀道装备,3,3,2,0.6666666666666666,True
融发核电,1,1,1,1.0,True
融捷股份,7,5,4,0.8,True
蠡湖股份,1,1,1,1.0,True
行动教育,4,3,2,0.6666666666666666,True
衢州发展,9,2,2,1.0,True
裕兴股份,1,1,1,1.0,True
裕同科技,10,7,3,0.42857142857142855,True
裕太微,9,9,6,0.6666666666666666,True
西典新能,5,4,4,1.0,True
西南证券,2,1,1,1.0,True
西域旅游,10,8,5,0.625,True
西大门,1,1,1,1.0,True
西子洁能,5,0,0,,False
西安旅游,2,0,0,,False
西安银行,1,1,1,1.0,True
西安饮食,1,0,0,,False
西测测试,1,1,1,1.0,True
西菱动力,8,8,6,0.75,True
西藏城投,3,2,2,1.0,True
西藏天路,7,4,1,0.25,True
西藏旅游,1,0,0,,False
西藏珠峰,2,1,1,1.0,True
西藏矿业,8,5,2,0.4,True
西藏药业,3,3,2,0.6666666666666666,True
西部创业,1,0,0,,False
西部材料,10,10,9,0.9,True
西部矿业,10,8,3,0.375,True
西部证券,4,0,0,,False
西部超导,10,5,5,1.0,True
西部黄金,6,6,6,1.0,True
西高院,2,2,2,1.0,True
西麦食品,10,10,7,0.7,True
视声智能,1,1,1,1.0,True
视源股份,10,7,5,0.7142857142857143,True
视觉中国,3,1,1,1.0,True
誉衡药业,1,1,1,1.0,True
许继电气,10,9,8,0.8888888888888888,True
设计总院,2,2,2,1.0,True
诚志股份,1,0,0,,False
诚意药业,2,1,0,0.0,True
诚益通,6,5,4,0.8,True
诚迈科技,3,0,0,,False
诺力股份,1,1,0,0.0,True
诺唯赞,1,1,1,1.0,True
诺德股份,2,0,0,,False
诺思兰德,3,3,1,0.3333333333333333,True
诺思格,7,7,7,1.0,True
诺普信,5,4,3,0.75,True
诺瓦星云,7,0,0,,False
诺禾致源,5,5,4,0.8,True
诺诚健华,10,10,9,0.9,True
谱尼测试,1,0,0,,False
豆神教育,6,5,3,0.6,True
豪威集团,10,2,0,0.0,True
豪尔赛,1,1,1,1.0,True
豪恩汽电,2,2,2,1.0,True
豪悦护理,7,7,7,1.0,True
豪森智能,1,1,1,1.0,True
豪美新材,1,1,1,1.0,True
豪能股份,10,9,3,0.3333333333333333,True
豪迈科技,10,10,1,0.1,True
豪鹏科技,9,9,7,0.7777777777777778,True
豫光金铅,7,6,6,1.0,True
豫园股份,1,1,1,1.0,True
豫能控股,1,0,0,,False
贝斯特,5,2,2,1.0,True
贝泰妮,6,5,5,1.0,True
贝特瑞,10,10,2,0.2,True
贝瑞基因,3,3,3,1.0,True
贝肯能源,1,1,1,1.0,True
贝达药业,10,8,4,0.5,True
财信发展,1,0,0,,False
财富趋势,5,2,2,1.0,True
财达证券,1,0,0,,False
财通证券,10,5,5,1.0,True
贵州三力,1,1,1,1.0,True
贵州燃气,1,0,0,,False
贵州茅台,10,5,0,0.0,True
贵州轮胎,4,4,4,1.0,True
贵研铂业,7,5,5,1.0,True
贵绳股份,1,0,0,,False
贵阳银行,10,9,7,0.7777777777777778,True
赛伍技术,1,1,1,1.0,True
赛分科技,1,0,0,,False
赛力斯,10,7,3,0.42857142857142855,True
赛升药业,2,1,1,1.0,True
赛微微电,6,5,5,1.0,True
赛微电子,3,1,1,1.0,True
赛意信息,10,8,3,0.375,True
赛特新材,9,9,1,0.1111111111111111,True
赛科希德,1,1,0,0.0,True
赛腾股份,10,9,9,1.0,True
赛诺医疗,1,1,1,1.0,True
赛象科技,1,1,1,1.0,True
赛轮轮胎,10,9,2,0.2222222222222222,True
赞宇科技,3,3,3,1.0,True
赢合科技,6,2,0,0.0,True
赢时胜,1,0,0,,False
赣粤高速,5,4,2,0.5,True
赣能股份,3,0,0,,False
赣锋锂业,10,1,1,1.0,True
赤峰黄金,10,7,1,0.14285714285714285,True
起帆电缆,2,2,1,0.5,True
超图软件,2,1,1,1.0,True
超声电子,4,4,4,1.0,True
超捷股份,1,1,1,1.0,True
超研股份,10,3,3,1.0,True
超达装备,1,1,0,0.0,True
超频三,1,1,1,1.0,True
越秀资本,1,0,0,,False
趣睡科技,2,2,2,1.0,True
路斯股份,3,3,3,1.0,True
路维光电,10,10,5,0.5,True
软控股份,6,5,3,0.6,True
软通动力,10,4,2,0.5,True
轻纺城,1,1,1,1.0,True
辉煌科技,3,3,3,1.0,True
辰奕智能,3,2,2,1.0,True
辰欣药业,4,3,2,0.6666666666666666,True
辽宁成大,7,4,3,0.75,True
辽宁能源,2,0,0,,False
辽港股份,2,1,1,1.0,True
达仁堂,1,0,0,,False
达华智能,2,2,2,1.0,True
达安基因,2,0,0,,False
达实智能,3,0,0,,False
达意隆,10,9,7,0.7777777777777778,True
达梦数据,10,8,6,0.75,True
达瑞电子,1,1,0,0.0,True
迅安科技,1,1,1,1.0,True
迅捷兴,4,4,4,1.0,True
迅游科技,5,4,4,1.0,True
迈为股份,8,7,5,0.7142857142857143,True
迈信林,7,7,7,1.0,True
迈威生物,10,10,10,1.0,True
迈得医疗,3,3,3,1.0,True
迈拓股份,1,1,1,1.0,True
迈普医学,10,9,7,0.7777777777777778,True
迈瑞医疗,10,3,2,0.6666666666666666,True
迈赫股份,3,2,2,1.0,True
迎驾贡酒,10,9,9,1.0,True
运机集团,5,5,3,0.6,True
运达股份,10,9,9,1.0,True
近岸蛋白,3,3,2,0.6666666666666666,True
远东股份,2,1,1,1.0,True
远信工业,1,1,1,1.0,True
远光软件,3,0,0,,False
远方信息,1,1,0,0.0,True
远望谷,1,1,1,1.0,True
远航精密,5,5,2,0.4,True
远达环保,1,1,1,1.0,True
连城数控,10,10,10,1.0,True
迦南科技,2,2,2,1.0,True
迪哲医药,10,9,6,0.6666666666666666,True
迪威尔,10,10,3,0.3,True
迪安诊断,6,5,3,0.6,True
迪普科技,3,3,3,1.0,True
迪森股份,1,1,1,1.0,True
迪阿股份,4,4,3,0.75,True
通业科技,2,2,2,1.0,True
通力科技,2,2,2,1.0,True
通化东宝,3,2,1,0.5,True
通化金马,10,1,1,1.0,True
通合科技,2,2,2,1.0,True
通威股份,10,7,1,0.14285714285714285,True
通宇通讯,3,1,1,1.0,True
通宝能源,2,1,1,1.0,True
通富微电,10,5,2,0.4,True
通易航天,1,1,1,1.0,True
通灵股份,1,1,1,1.0,True
通用电梯,1,1,1,1.0,True
通用股份,4,1,1,1.0,True
通策医疗,10,8,5,0.625,True
通行宝,6,5,4,0.8,True
通裕重工,5,1,1,1.0,True
通达动力,2,2,2,1.0,True
通达海,1,1,1,1.0,True
通鼎互联,2,2,2,1.0,True
道氏技术,6,3,1,0.3333333333333333,True
道通科技,10,5,4,0.8,True
道道全,5,5,4,0.8,True
遥望科技,2,1,1,1.0,True
邦基科技,7,7,4,0.5714285714285714,True
邦德股份,1,1,1,1.0,True
邮储银行,10,7,4,0.5714285714285714,True
邵阳液压,1,1,1,1.0,True
郑州煤电,3,0,0,,False
鄂尔多斯,10,7,7,1.0,True
酒钢宏兴,2,1,1,1.0,True
酒鬼酒,5,3,3,1.0,True
醋化股份,2,2,2,1.0,True
重庆啤酒,10,9,5,0.5555555555555556,True
重庆建工,3,2,1,0.5,True
重庆水务,2,1,1,1.0,True
重庆百货,10,4,4,1.0,True
重庆银行,10,10,7,0.7,True
重药控股,2,1,0,0.0,True
金三江,5,5,5,1.0,True
金冠电气,2,1,1,1.0,True
金力永磁,10,6,3,0.5,True
金博股份,10,9,8,0.8888888888888888,True
金卡智能,1,0,0,,False
金发科技,10,9,8,0.8888888888888888,True
金地集团,10,8,8,1.0,True
金城医药,3,3,1,0.3333333333333333,True
金域医学,10,9,6,0.6666666666666666,True
金天钛业,8,8,8,1.0,True
金太阳,2,2,2,1.0,True
金奥博,2,1,1,1.0,True
金字火腿,2,1,1,1.0,True
金安国纪,2,1,1,1.0,True
金宏气体,2,2,1,0.5,True
金富科技,1,1,1,1.0,True
金山办公,10,2,2,1.0,True
金帝股份,4,4,4,1.0,True
金开新能,2,2,2,1.0,True
金徽股份,1,0,0,,False
金徽酒,4,3,2,0.6666666666666666,True
金房能源,3,3,2,0.6666666666666666,True
金新农,4,2,2,1.0,True
金春股份,1,0,0,,False
金杨股份,1,1,1,1.0,True
金杯汽车,2,2,2,1.0,True
金杯电工,6,6,4,0.6666666666666666,True
金枫酒业,2,1,1,1.0,True
金桥信息,7,7,3,0.42857142857142855,True
金沃股份,9,9,5,0.5555555555555556,True
金河生物,1,0,0,,False
金洲管道,1,1,1,1.0,True
金浦钛业,2,2,2,1.0,True
金海通,6,6,1,0.16666666666666666,True
金海高科,2,2,2,1.0,True
金溢科技,1,1,1,1.0,True
金牌家居,6,6,6,1.0,True
金瑞矿业,1,1,1,1.0,True
金田股份,6,5,2,0.4,True
金百泽,1,1,1,1.0,True
金盘科技,10,10,10,1.0,True
金石资源,1,0,0,,False
金禄电子,9,8,7,0.875,True
金禾实业,10,9,8,0.8888888888888888,True
金种子酒,4,2,2,1.0,True
金科环境,1,0,0,,False
金能科技,2,2,2,1.0,True
金自天正,2,1,1,1.0,True
金融街,2,1,1,1.0,True
金螳螂,4,2,2,1.0,True
金证股份,4,2,2,1.0,True
金诚信,10,9,2,0.2222222222222222,True
金达威,4,2,2,1.0,True
金达莱,1,1,0,0.0,True
金迪克,1,1,0,0.0,True
金钼股份,10,7,7,1.0,True
金陵饭店,2,1,0,0.0,True
金隅集团,1,0,0,,False
金雷股份,10,9,8,0.8888888888888888,True
金风科技,10,5,5,1.0,True
金麒麟,5,5,5,1.0,True
金龙汽车,3,3,2,0.6666666666666666,True
金龙鱼,9,4,3,0.75,True
鑫源智造,3,3,0,0.0,True
鑫科材料,1,0,0,,False
鑫铂股份,10,10,8,0.8,True
钒钛股份,2,1,0,0.0,True
钢研纳克,2,2,2,1.0,True
钢研高纳,4,1,1,1.0,True
钧崴电子,5,0,0,,False
钧达股份,10,10,10,1.0,True
钱江摩托,7,7,7,1.0,True
钱江水利,2,0,0,,False
铁建重工,10,8,8,1.0,True
铁科轨道,3,3,3,1.0,True
铁龙物流,2,1,1,1.0,True
铂力特,10,8,6,0.75,True
铂科新材,10,9,5,0.5555555555555556,True
铜冠铜箔,3,2,0,0.0,True
铜峰电子,5,4,4,1.0,True
铜牛信息,5,5,5,1.0,True
铜陵有色,10,6,5,0.8333333333333334,True
铭利达,1,1,1,1.0,True
银之杰,8,2,2,1.0,True
银信科技,1,0,0,,False
银星能源,1,1,1,1.0,True
银河微电,5,5,5,1.0,True
银河磁体,1,0,0,,False
银轮股份,10,7,5,0.7142857142857143,True
银都股份,10,9,2,0.2222222222222222,True
银龙股份,4,2,2,1.0,True
锋尚文化,2,2,2,1.0,True
锐奇股份,2,2,2,1.0,True
锐捷网络,10,8,5,0.625,True
锐明技术,10,9,5,0.5555555555555556,True
锐科激光,3,2,2,1.0,True
锡业股份,10,8,3,0.375,True
锡南科技,1,1,1,1.0,True
锡装股份,7,7,7,1.0,True
锦和商管,1,1,1,1.0,True
锦富技术,1,1,1,1.0,True
锦江在线,1,0,0,,False
锦江航运,5,2,2,1.0,True
锦江酒店,10,5,2,0.4,True
锦泓集团,7,7,6,0.8571428571428571,True
锦波生物,10,8,3,0.375,True
锦浪科技,10,8,2,0.25,True
锦龙股份,4,0,0,,False
键凯科技,1,1,0,0.0,True
锴威特,3,2,2,1.0,True
长久物流,1,1,1,1.0,True
长亮科技,5,1,0,0.0,True
长信科技,10,6,5,0.8333333333333334,True
长光华芯,4,3,2,0.6666666666666666,True
长华集团,1,1,1,1.0,True
长城军工,3,3,3,1.0,True
长城汽车,10,6,6,1.0,True
长城科技,1,1,1,1.0,True
长城证券,3,0,0,,False
长安汽车,10,1,1,1.0,True
长川科技,10,5,3,0.6,True
长春燃气,1,1,1,1.0,True
长春高新,10,4,3,0.75,True
长江传媒,10,9,5,0.5555555555555556,True
长江电力,10,4,2,0.5,True
长江证券,7,6,4,0.6666666666666666,True
长江通信,2,1,1,1.0,True
长沙银行,10,10,3,0.3,True
长海股份,6,6,5,0.8333333333333334,True
长源东谷,10,10,5,0.5,True
长电科技,10,2,2,1.0,True
长白山,3,2,2,1.0,True
长盈精密,10,7,6,0.8571428571428571,True
长盈通,10,9,5,0.5555555555555556,True
长盛轴承,6,2,2,1.0,True
长芯博创,10,10,6,0.6,True
长虹华意,4,4,3,0.75,True
长虹美菱,10,10,5,0.5,True
长虹能源,4,4,3,0.75,True
长阳科技,2,1,1,1.0,True
长飞光纤,8,8,6,0.75,True
长高电新,1,1,1,1.0,True
闻泰科技,10,4,3,0.75,True
闽东电力,1,1,1,1.0,True
闽发铝业,1,1,1,1.0,True
阳光照明,1,1,1,1.0,True
阳光电源,10,7,2,0.2857142857142857,True
阳光诺和,6,5,4,0.8,True
阳普医疗,5,4,4,1.0,True
阿为特,4,4,4,1.0,True
阿尔特,1,1,1,1.0,True
阿拉丁,7,4,4,1.0,True
阿特斯,10,4,2,0.5,True
阿石创,1,1,1,1.0,True
阿科力,3,3,1,0.3333333333333333,True
际华集团,3,0,0,,False
陆家嘴,6,2,1,0.5,True
陇神戎发,1,0,0,,False
陕国投A,1,0,0,,False
陕天然气,8,5,4,0.8,True
陕建股份,10,8,8,1.0,True
陕西华达,1,1,1,1.0,True
陕西煤业,10,4,1,0.25,True
陕西能源,3,2,2,1.0,True
陕西金叶,1,1,1,1.0,True
陕西黑猫,3,0,0,,False
陕鼓动力,10,7,4,0.5714285714285714,True
隆利科技,10,9,7,0.7777777777777778,True
隆华科技,2,1,1,1.0,True
隆基绿能,10,6,1,0.16666666666666666,True
隆平高科,10,10,4,0.4,True
隆扬电子,1,0,0,,False
隆盛科技,10,10,9,0.9,True
隆达股份,1,1,1,1.0,True
隆鑫通用,10,10,5,0.5,True
隧道股份,10,7,6,0.8571428571428571,True
雄帝科技,6,5,5,1.0,True
雄韬股份,8,8,8,1.0,True
雅克科技,10,6,6,1.0,True
雅创电子,5,5,5,1.0,True
雅化集团,10,8,4,0.5,True
雅博股份,1,1,1,1.0,True
雅戈尔,10,3,2,0.6666666666666666,True
雅本化学,1,0,0,,False
雅葆轩,1,1,1,1.0,True
集友股份,1,1,1,1.0,True
集智股份,2,2,1,0.5,True
集泰股份,1,1,1,1.0,True
雪天盐业,1,0,0,,False
雪峰科技,8,8,8,1.0,True
零点有数,1,1,0,0.0,True
雷电微力,2,0,0,,False
雷赛智能,10,8,6,0.75,True
震安科技,1,1,1,1.0,True
震有科技,1,1,1,1.0,True
震裕科技,10,10,7,0.7,True
霍莱沃,1,1,1,1.0,True
露笑科技,3,2,2,1.0,True
青农商行,1,1,1,1.0,True
青岛啤酒,10,8,3,0.375,True
青岛港,10,10,9,0.9,True
青岛金王,1,1,1,1.0,True
青岛银行,10,10,10,1.0,True
青岛食品,1,0,0,,False
青木科技,2,1,1,1.0,True
青松建化,1,1,1,1.0,True
青矩技术,2,2,1,0.5,True
青达环保,3,3,3,1.0,True
鞍钢股份,1,0,0,,False
韩建河山,1,0,0,,False
韵达股份,4,3,0,0.0,True
顶点软件,10,10,7,0.7,True
顺丰控股,10,8,3,0.375,True
顺博合金,1,1,1,1.0,True
顺发恒业,1,0,0,,False
顺威股份,2,2,1,0.5,True
顺控发展,2,0,0,,False
顺络电子,10,7,6,0.8571428571428571,True
顺网科技,9,7,4,0.5714285714285714,True
顺鑫农业,10,8,8,1.0,True
顾家家居,10,10,4,0.4,True
颀中科技,3,1,1,1.0,True
领湃科技,2,2,1,0.5,True
领益智造,10,9,7,0.7777777777777778,True
颖泰生物,1,1,1,1.0,True
风华高科,8,6,5,0.8333333333333334,True
风语筑,1,0,0,,False
飞乐音响,3,0,0,,False
飞亚达,4,3,3,1.0,True
飞凯材料,2,1,1,1.0,True
飞利信,1,0,0,,False
飞南资源,2,0,0,,False
飞天诚信,1,0,0,,False
飞沃科技,4,3,3,1.0,True
飞科电器,9,7,3,0.42857142857142855,True
飞荣达,8,6,3,0.5,True
飞鹿股份,1,1,1,1.0,True
飞龙股份,9,7,4,0.5714285714285714,True
首创环保,10,5,3,0.6,True
首创证券,7,2,2,1.0,True
首旅酒店,10,7,3,0.42857142857142855,True
首药控股,9,9,4,0.4444444444444444,True
首都在线,1,1,0,0.0,True
首钢股份,9,8,8,1.0,True
香农芯创,10,8,4,0.5,True
香山股份,2,2,1,0.5,True
马应龙,10,10,10,1.0,True
马钢股份,2,0,0,,False
驰宏锌锗,2,1,1,1.0,True
骄成超声,10,9,6,0.6666666666666666,True
骆驼股份,10,8,4,0.5,True
骏亚科技,4,3,2,0.6666666666666666,True
骏创科技,3,3,3,1.0,True
骏成科技,2,2,2,1.0,True
骏鼎达,5,5,4,0.8,True
高争民爆,9,9,0,0.0,True
高伟达,2,1,1,1.0,True
高华科技,2,2,2,1.0,True
高德红外,10,6,5,0.8333333333333334,True
高新兴,2,0,0,,False
高新发展,3,0,0,,False
高测股份,1,1,1,1.0,True
高澜股份,8,8,6,0.75,True
高能环境,5,4,3,0.75,True
鱼跃医疗,10,7,4,0.5714285714285714,True
鲁信创投,2,0,0,,False
鲁北化工,1,1,1,1.0,True
鲁抗医药,2,2,2,1.0,True
鲁泰A,1,1,1,1.0,True
鲁西化工,10,4,1,0.25,True
鲁阳节能,2,1,1,1.0,True
鲍斯股份,1,0,0,,False
鸣志电器,10,9,6,0.6666666666666666,True
鸥玛软件,6,6,6,1.0,True
鸿利智汇,1,1,1,1.0,True
鸿富瀚,2,2,2,1.0,True
鸿日达,2,1,1,1.0,True
鸿泉物联,10,9,8,0.8888888888888888,True
鸿路钢构,10,9,3,0.3333333333333333,True
鸿远电子,10,9,4,0.4444444444444444,True
鹏欣资源,1,0,0,,False
鹏辉能源,1,0,0,,False
鹏鼎控股,10,7,6,0.8571428571428571,True
鹭燕医药,2,2,2,1.0,True
鹿山新材,2,2,2,1.0,True
麒麟信安,6,4,4,1.0,True
麦克奥迪,2,2,2,1.0,True
麦加芯彩,9,9,7,0.7777777777777778,True
麦捷科技,5,3,2,0.6666666666666666,True
麦格米特,10,7,3,0.42857142857142855,True
麦澜德,7,7,7,1.0,True
麦迪科技,2,2,1,0.5,True
黄山旅游,8,7,6,0.8571428571428571,True
黄山胶囊,3,3,3,1.0,True
黄山谷捷,1,0,0,,False
黑牡丹,1,0,0,,False
黑猫股份,10,10,10,1.0,True
黑芝麻,1,1,1,1.0,True
黔源电力,2,2,2,1.0,True
鼎捷数智,10,9,6,0.6666666666666666,True
鼎智科技,3,3,3,1.0,True
鼎泰高科,6,5,3,0.6,True
鼎胜新材,2,2,1,0.5,True
鼎通科技,10,10,5,0.5,True
鼎阳科技,9,8,6,0.75,True
鼎龙科技,6,5,5,1.0,True
鼎龙股份,10,8,2,0.25,True
齐翔腾达,2,0,0,,False
齐鲁银行,10,9,2,0.2222222222222222,True
龙佰集团,10,6,5,0.8333333333333334,True
龙元建设,3,2,2,1.0,True
龙净环保,10,10,6,0.6,True
龙图光罩,2,1,1,1.0,True
龙大美食,1,0,0,,False
龙头股份,1,0,0,,False
龙建股份,2,2,2,1.0,True
龙旗科技,8,8,6,0.75,True
龙星科技,1,1,1,1.0,True
龙江交通,1,1,0,0.0,True
龙源电力,9,6,3,0.5,True
龙溪股份,4,3,3,1.0,True
龙版传媒,2,1,1,1.0,True
龙磁科技,2,2,2,1.0,True
龙腾光电,5,3,3,1.0,True
龙芯中科,10,7,0,0.0,True
龙软科技,1,1,1,1.0,True
龙迅股份,10,9,3,0.3333333333333333,True
龙韵股份,4,3,2,0.6666666666666666,True
