date,rank_ic
2025-01-02,-0.03340482402656491
2025-01-03,0.06686076778143073
2025-01-06,0.004853275101567193
2025-01-07,-0.06421919766937928
2025-01-08,0.050216925622421936
2025-01-09,-0.03530129591551511
2025-01-10,0.060499852086583164
2025-01-13,-0.024763091401744337
2025-01-14,-0.013329996820812323
2025-01-15,0.005486180231300483
2025-01-16,-0.03079449825711541
2025-01-17,0.03566815593959373
2025-01-20,0.013469135566234317
2025-01-21,0.07587938988931954
2025-01-22,0.03935925124037614
2025-01-23,-0.03303795864035894
2025-01-24,0.021805536216863073
2025-01-27,0.0046734375502623425
2025-02-05,-0.07868312353901975
2025-02-06,-0.007113080150165604
2025-02-07,0.017207398058398743
2025-02-10,-0.0941608383826838
2025-02-11,0.041967785770940756
2025-02-12,-0.0012411587657427945
2025-02-13,-0.04623272082686424
2025-02-14,0.031358568026303824
2025-02-17,-0.02511852625757205
2025-02-18,0.057123453187539676
2025-02-19,0.019280010118916165
2025-02-20,-0.02577387812277693
2025-02-21,0.03922811755564806
2025-02-24,-0.011538001796585378
2025-02-25,0.011886014366722488
2025-02-26,0.012493163429684668
2025-02-27,-0.015018026831178422
2025-02-28,0.012492540936199257
2025-03-03,-0.02688310167445328
2025-03-04,-0.016386737064238585
2025-03-05,0.0037548024687923294
2025-03-06,-0.023202752090114808
2025-03-07,0.04615411470183771
2025-03-10,-0.01615175816805079
2025-03-11,-0.007081908342342503
2025-03-12,-0.0043258119727148945
2025-03-13,0.00181024279616234
2025-03-14,0.0031431894091626094
2025-03-17,-0.03420035516739909
2025-03-18,-0.009273243609236296
2025-03-19,0.012113720079862979
2025-03-20,-0.0015366095893919957
2025-03-21,-0.01801383521882861
2025-03-24,0.10618537731446553
2025-03-25,-0.03565096138209716
2025-03-26,-0.05180983159990513
2025-03-27,0.023632373051178025
2025-03-28,0.07310765255091398
2025-03-31,0.057229998286216846
2025-04-01,-0.03550285889032464
2025-04-02,0.020179287742593865
2025-04-03,-0.07414618779056496
2025-04-07,-0.002606608589646097
2025-04-08,-0.044182980525561154
2025-04-09,-0.05881709255852423
2025-04-10,-0.002188970083389438
2025-04-11,-0.012946987766077616
2025-04-14,-0.029225226113510337
2025-04-15,-0.05060541600546449
2025-04-16,-0.02151087568776839
2025-04-17,-0.09524487261302182
2025-04-18,0.024623430984836495
2025-04-21,0.01680502964608482
2025-04-22,-0.07801761669367947
2025-04-23,0.04582519257982181
2025-04-24,-0.022270120190127148
2025-04-25,0.028310837050599
2025-04-28,0.006028201722191292
2025-04-29,-0.034037696139429946
2025-04-30,0.00930539296447256
2025-05-06,-0.033838883029380505
2025-05-07,-0.044168513050281674
2025-05-08,-0.041795515236577506
2025-05-09,-0.06595407772580954
2025-05-12,0.058351374778219035
2025-05-13,0.004052999759876528
2025-05-14,-0.04536888115660075
2025-05-15,-0.09363681101684168
2025-05-16,-0.019702866291358576
2025-05-19,-0.10468851980937409
2025-05-20,-0.06560653538777136
2025-05-21,0.0021647622912797366
2025-05-22,-0.00022098492078969313
2025-05-23,0.023220458872094122
2025-05-26,-0.051978987625499525
2025-05-27,-0.10337984381155395
2025-05-28,0.04166732482481988
2025-05-29,-0.0011185779358061315
2025-05-30,0.011299657686241575
2025-06-03,-0.051923191291684566
2025-06-04,-0.006611613728721791
2025-06-05,0.025217930160800397
2025-06-06,-0.06349027968936873
2025-06-09,-0.01216828670232045
2025-06-10,-0.03547923757604011
2025-06-11,0.038438382252630396
2025-06-12,-0.010218899442446137
2025-06-13,-0.013339411571984048
2025-06-16,-0.04799866023192499
2025-06-17,-0.008789975346521445
2025-06-18,0.05342455136989832
2025-06-19,0.05412871449428356
2025-06-20,-0.04974740803368721
2025-06-23,-0.08093052340640441
2025-06-24,0.009977605151762126
2025-06-25,0.07884005227396694
2025-06-26,-0.06271249797728408
2025-06-27,-0.009555225587476025
2025-06-30,-0.00851757493537139
2025-07-01,-0.016451350915026815
2025-07-02,-0.006384953563817947
2025-07-03,-0.01594594055103685
2025-07-04,0.019405280480331154
2025-07-07,-0.04515235175320151
2025-07-08,-0.0011019296861871602
2025-07-09,-0.0023651331954996266
2025-07-10,-0.03423971838565527
2025-07-11,0.032831595232674204
2025-07-14,-0.0015346448548793018
2025-07-15,0.026645961556502052
2025-07-16,0.025811739934156242
2025-07-17,-0.01633649939472061
2025-07-18,-0.06379506958623697
2025-07-21,0.014907092457534004
2025-07-22,0.021882223747149432
2025-07-23,0.046054720229245644
2025-07-24,0.03059429527082969
2025-07-25,-0.012690728896108639
2025-07-28,-0.058015295805459985
2025-07-29,0.0329103911157152
2025-07-30,-0.02373423792280111
2025-07-31,0.02333923434960657
2025-08-01,-0.031462399407838786
2025-08-04,0.0007053455984405205
2025-08-05,-0.0204857664924888
2025-08-06,-0.0015021000060753225
2025-08-07,-0.04285654778896188
2025-08-08,-0.033440917253476775
2025-08-11,-0.01712345100962075
2025-08-12,0.04507496622976827
2025-08-13,0.06050141941293479
2025-08-14,0.028299977070526353
2025-08-15,0.055170332391966184
2025-08-18,0.001091437230054311
2025-08-19,-0.037059700966220174
2025-08-20,0.03504761924173177
2025-08-21,-0.02154864205359426
2025-08-22,0.03920714066989587
2025-08-25,0.0182382690990056
2025-08-26,-0.039840494343599014
2025-08-27,0.038364814142647995
2025-08-28,-0.01600675681427149
2025-08-29,0.015011853845354976
2025-09-01,-0.03817029571636794
2025-09-02,-0.016103144854415868
2025-09-03,0.0522517537208469
2025-09-04,-0.03396807964906162
2025-09-05,0.015974014663595038
2025-09-08,-0.004262524250220439
2025-09-09,-0.005879156787008409
2025-09-10,-0.04557676701546331
2025-09-11,0.03897441938895734
2025-09-12,-0.024847767005745088
2025-09-15,-0.005149447071159636
2025-09-16,-0.01142864917892211
2025-09-17,0.06160672732433769
2025-09-18,0.0015406921472345993
2025-09-19,0.032019835144522536
2025-09-22,0.00413889116354808
2025-09-23,0.003228534341357646
2025-09-24,-0.013948940165835012
2025-09-25,0.035415463855927184
2025-09-26,-0.00972560204368437
2025-09-29,-0.0224109457499618
2025-09-30,0.0029898522763664075
2025-10-09,0.008382146659585952
2025-10-10,-0.030340546892231084
2025-10-13,-0.05878714888563301
2025-10-14,-0.00214298003638919
2025-10-15,0.036742031614173096
2025-10-16,0.002942213244552307
2025-10-17,-0.04322893838445187
2025-10-20,-0.04271459333384056
2025-10-21,-0.034975592332390434
2025-10-22,-0.036766704265959634
2025-10-23,0.014391383687508821
2025-10-24,0.03364732244122996
2025-10-27,0.018377249910401648
2025-10-28,-0.009493101105343472
2025-10-29,0.06388011685947467
2025-10-30,-0.002361930042845916
2025-10-31,-0.01510781568061525
2025-11-03,-0.019061084604951168
2025-11-04,-0.03974631948924455
2025-11-05,-0.04090009943330458
2025-11-06,0.05463144120559297
2025-11-07,-0.028903695752632682
2025-11-10,-0.03715012331820733
2025-11-11,-0.07651901176489909
2025-11-12,0.00601479244098642
2025-11-13,-0.07348409181395962
2025-11-14,-0.026817619274675932
2025-11-17,-0.042530151859196806
2025-11-18,0.018051878360432132
2025-11-19,0.042167665237902
2025-11-20,-0.04105744074065902
2025-11-21,0.07066566096113534
2025-11-24,-0.02140582143493957
2025-11-25,-0.027229226827126217
2025-11-26,0.0018380170774737854
2025-11-27,-0.034507352238611885
2025-11-28,0.0006375402392610293
2025-12-01,0.016949514410296216
2025-12-02,-0.044287256336475914
2025-12-03,0.02123126982144428
2025-12-04,0.05590486127940623
2025-12-05,0.004886706846132595
2025-12-08,-0.04024763675035138
2025-12-09,-0.00814097757002998
2025-12-10,0.026280518509622857
2025-12-11,0.04910226639967754
2025-12-12,0.08899192945584013
2025-12-15,-0.02041627432149986
2025-12-16,0.031585291823827036
2025-12-17,0.030393217388044225
2025-12-18,-0.035150621936255684
2025-12-19,-0.08220311007559476
2025-12-22,0.013166281677519799
2025-12-23,0.016262167298403855
2025-12-24,0.012412228209860853
2025-12-25,0.018381683361462963
2025-12-26,0.03581766580671765
2025-12-29,0.02804407508956147
2025-12-30,0.08032305178214735
2025-12-31,0.018881765434581994
