factor,theory,ic_mean,ic_ir,t_stat,pos_rate,n_years,yearly_ics
RecognitionSpread | (Visible−Stealth),composite,0.043379244378861564,0.9668160728322467,3.2065661548694813,0.9090909090909091,11,"{2015: np.float64(-0.0012), 2016: np.float64(0.105), 2017: np.float64(0.0021), 2018: np.float64(0.0036), 2019: np.float64(0.0004), 2020: np.float64(0.0588), 2021: np.float64(0.0834), 2022: np.float64(0.0862), 2023: np.float64(0.0042), 2024: np.float64(0.0296), 2025: np.float64(0.1051)}"
VisibleBreadth_raw | (baseline),baseline,0.05997107941010818,0.8528387270118178,2.828546064182537,0.8181818181818182,11,"{2015: np.float64(-0.1044), 2016: np.float64(0.0761), 2017: np.float64(0.1193), 2018: np.float64(0.0603), 2019: np.float64(0.0718), 2020: np.float64(0.1184), 2021: np.float64(0.0498), 2022: np.float64(0.0738), 2023: np.float64(-0.0161), 2024: np.float64(0.1547), 2025: np.float64(0.056)}"
VisibleBreadth | (Merton 1987),composite,0.05997107941010818,0.8528387270118178,2.828546064182537,0.8181818181818182,11,"{2015: np.float64(-0.1044), 2016: np.float64(0.0761), 2017: np.float64(0.1193), 2018: np.float64(0.0603), 2019: np.float64(0.0718), 2020: np.float64(0.1184), 2021: np.float64(0.0498), 2022: np.float64(0.0738), 2023: np.float64(-0.0161), 2024: np.float64(0.1547), 2025: np.float64(0.056)}"
ConvictionBreadth | (GT/CP 2009),composite,0.05997107941010818,0.8528387270118178,2.828546064182537,0.8181818181818182,11,"{2015: np.float64(-0.1044), 2016: np.float64(0.0761), 2017: np.float64(0.1193), 2018: np.float64(0.0603), 2019: np.float64(0.0718), 2020: np.float64(0.1184), 2021: np.float64(0.0498), 2022: np.float64(0.0738), 2023: np.float64(-0.0161), 2024: np.float64(0.1547), 2025: np.float64(0.056)}"
AsymBreadth | (Shleifer-Vishny),composite,0.12120558390587374,0.7638840671720079,2.533516834140191,0.6363636363636364,11,"{2015: np.float64(0.4018), 2016: np.float64(-0.0266), 2017: np.float64(-0.0518), 2018: np.float64(-0.075), 2019: np.float64(0.2653), 2020: np.float64(0.1578), 2021: np.float64(0.1512), 2022: np.float64(-0.0661), 2023: np.float64(0.161), 2024: np.float64(0.1442), 2025: np.float64(0.2714)}"
QualityBreadth | (Breadth×ROA),composite,0.07885968987807777,0.6910354572770615,2.291905328619682,0.8181818181818182,11,"{2015: np.float64(-0.1285), 2016: np.float64(0.051), 2017: np.float64(0.2051), 2018: np.float64(0.1234), 2019: np.float64(0.1311), 2020: np.float64(0.202), 2021: np.float64(0.0777), 2022: np.float64(0.1268), 2023: np.float64(0.0155), 2024: np.float64(0.1729), 2025: np.float64(-0.1095)}"
CascadeScore | (BHW 1992),composite,0.1013301713340736,0.5081936313614656,1.68548759607417,0.9090909090909091,11,"{2015: np.float64(0.036), 2016: np.float64(0.0643), 2017: np.float64(0.0316), 2018: np.float64(0.0116), 2019: np.float64(0.0114), 2020: np.float64(0.0846), 2021: np.float64(0.1181), 2022: np.float64(-0.0351), 2023: np.float64(0.0559), 2024: np.float64(0.0462), 2025: np.float64(0.6901)}"
CoverageBreadth | (baseline),baseline,0.05874687642774414,0.4059690269789485,1.3464469389948408,0.5454545454545454,11,"{2015: np.float64(-0.2088), 2016: np.float64(-0.0055), 2017: np.float64(0.2275), 2018: np.float64(0.1116), 2019: np.float64(0.1536), 2020: np.float64(0.1458), 2021: np.float64(-0.028), 2022: np.float64(0.038), 2023: np.float64(-0.0339), 2024: np.float64(0.2977), 2025: np.float64(-0.0519)}"
AsymHidden | (HiddenRatio×Vol),composite,0.03240865394223753,0.3410903829840175,1.13126881995661,0.6363636363636364,11,"{2015: np.float64(0.0828), 2016: np.float64(-0.1156), 2017: np.float64(0.0603), 2018: np.float64(0.0227), 2019: np.float64(0.1843), 2020: np.float64(0.0734), 2021: np.float64(-0.0275), 2022: np.float64(-0.0527), 2023: np.float64(0.0043), 2024: np.float64(0.1781), 2025: np.float64(-0.0535)}"
SlowDiffBreadth | (Hong-Stein),composite,0.01602065376167808,0.09871466747077978,0.32739951330527794,0.5454545454545454,11,"{2015: np.float64(0.2684), 2016: np.float64(0.0657), 2017: np.float64(-0.1673), 2018: np.float64(-0.1206), 2019: np.float64(-0.0562), 2020: np.float64(-0.0138), 2021: np.float64(0.1147), 2022: np.float64(0.0471), 2023: np.float64(0.0458), 2024: np.float64(-0.2552), 2025: np.float64(0.2478)}"
Breadth×Size | (Fama-French),composite,0.01602065376167808,0.09871466747077978,0.32739951330527794,0.5454545454545454,11,"{2015: np.float64(0.2684), 2016: np.float64(0.0657), 2017: np.float64(-0.1673), 2018: np.float64(-0.1206), 2019: np.float64(-0.0562), 2020: np.float64(-0.0138), 2021: np.float64(0.1147), 2022: np.float64(0.0471), 2023: np.float64(0.0458), 2024: np.float64(-0.2552), 2025: np.float64(0.2478)}"
StealthBreadth | (Grossman-Stiglitz),composite,0.0030670086241802426,0.025004790986921023,0.08293150966487753,0.45454545454545453,11,"{2015: np.float64(-0.1368), 2016: np.float64(-0.1136), 2017: np.float64(0.1515), 2018: np.float64(0.0844), 2019: np.float64(0.1148), 2020: np.float64(0.0408), 2021: np.float64(-0.0857), 2022: np.float64(-0.036), 2023: np.float64(-0.0413), 2024: np.float64(0.204), 2025: np.float64(-0.1484)}"
CoverageEfficiency | (Breadth÷Vol),composite,0.002073216703725254,0.011246362481664805,0.03729996460801236,0.5454545454545454,11,"{2015: np.float64(-0.3765), 2016: np.float64(-0.0053), 2017: np.float64(0.2448), 2018: np.float64(0.1425), 2019: np.float64(0.0375), 2020: np.float64(0.0707), 2021: np.float64(-0.0917), 2022: np.float64(0.0615), 2023: np.float64(-0.1113), 2024: np.float64(0.2322), 2025: np.float64(-0.1817)}"
HiddenRatio | (baseline),baseline,-0.005758211211738895,-0.05335052575463216,-0.17694367629630722,0.45454545454545453,11,"{2015: np.float64(-0.1037), 2016: np.float64(-0.1208), 2017: np.float64(0.1159), 2018: np.float64(0.0673), 2019: np.float64(0.0929), 2020: np.float64(0.0168), 2021: np.float64(-0.0823), 2022: np.float64(-0.0379), 2023: np.float64(-0.0383), 2024: np.float64(0.1786), 2025: np.float64(-0.1519)}"
Hidden×Size | (HiddenRatio×Size),composite,-0.008133363305969827,-0.14294801622057376,-0.4741049343292808,0.45454545454545453,11,"{2015: np.float64(0.0166), 2016: np.float64(-0.1044), 2017: np.float64(0.0111), 2018: np.float64(0.0029), 2019: np.float64(0.0663), 2020: np.float64(-0.0057), 2021: np.float64(-0.0309), 2022: np.float64(-0.0181), 2023: np.float64(-0.0345), 2024: np.float64(0.0898), 2025: np.float64(-0.0826)}"
AllInteraction | (B×BM×Size×Mom),composite,-0.034843181386187076,-0.20030152149314523,-0.6643249917300703,0.36363636363636365,11,"{2015: np.float64(0.0477), 2016: np.float64(0.0445), 2017: np.float64(-0.132), 2018: np.float64(-0.099), 2019: np.float64(-0.1669), 2020: np.float64(-0.0472), 2021: np.float64(0.0765), 2022: np.float64(-0.0521), 2023: np.float64(-0.124), 2024: np.float64(-0.303), 2025: np.float64(0.3724)}"
Hidden×Value | (HiddenRatio×BM),composite,-0.04710575098564669,-0.355613492514668,-1.1794365250590122,0.36363636363636365,11,"{2015: np.float64(-0.2474), 2016: np.float64(-0.1074), 2017: np.float64(0.1209), 2018: np.float64(0.0641), 2019: np.float64(0.0178), 2020: np.float64(-0.03), 2021: np.float64(-0.1066), 2022: np.float64(-0.0217), 2023: np.float64(-0.1057), 2024: np.float64(0.1475), 2025: np.float64(-0.2498)}"
Breadth×Value | (Fama-French),composite,-0.10672413208878456,-0.5790996655912835,-1.9206563069865727,0.36363636363636365,11,"{2015: np.float64(-0.4234), 2016: np.float64(-0.0137), 2017: np.float64(0.1331), 2018: np.float64(0.0528), 2019: np.float64(-0.1019), 2020: np.float64(-0.0711), 2021: np.float64(-0.1205), 2022: np.float64(0.0088), 2023: np.float64(-0.2527), 2024: np.float64(0.0273), 2025: np.float64(-0.4128)}"
