model,n_months,const_coef,const_t,breadth_z_coef,breadth_z_t,size_ln_z_coef,size_ln_z_t,bm_z_coef,bm_z_t,mom_12m_z_coef,mom_12m_z_t,vol_12m_z_coef,vol_12m_z_t,recognition_spread_z_coef,recognition_spread_z_t,section,factor,period,mean_ic,ic_ir,t_stat,pos_rate,var1,var2,correlation,year,ic
M1: Breadth only,120.0,0.008004198077816046,1.3348398976626392,0.006265136985384154,3.3020710218656175,,,,,,,,,,,fama_macbeth,,,,,,,,,,,
M2: + Size,120.0,0.008003635056223302,1.3347057066972496,0.004094503206417137,3.2407948294116085,0.002861898245386599,1.0754366809693454,,,,,,,,,fama_macbeth,,,,,,,,,,,
M3: + Size + BM,120.0,0.008005861823173468,1.3349211021859049,0.002955142814199207,2.652225509146423,0.004431514832708058,1.8506781214775125,-0.00661256962622988,-2.389522897441071,,,,,,,fama_macbeth,,,,,,,,,,,
M4: + Size + BM + Mom,120.0,0.008007478520541794,1.3351953039187376,0.003087558286008434,2.9272974198447943,0.004369635239162922,1.8123052998875488,-0.006939065616744751,-2.6049093679375925,-0.0027451037242310263,-1.1074239536527017,,,,,fama_macbeth,,,,,,,,,,,
M5: + Size + BM + Mom + Vol,120.0,0.008010261281578956,1.3358467864976935,0.003297345977442421,3.1580801050446285,0.003764213025534957,1.5697004458140509,-0.00864679246859934,-3.7253853622270086,-0.0012056192855446292,-0.5068330407741112,-0.005574900509763394,-2.6782570848946725,,,fama_macbeth,,,,,,,,,,,
M6: RecogSpread only,120.0,0.008007634587484878,1.3355235353700503,,,,,,,,,,,0.0009658882646995094,1.0010297392441494,fama_macbeth,,,,,,,,,,,
M7: RecogSpread + Size + BM + Mom + Vol,120.0,0.008010276275798483,1.3358469509379585,,,0.006078623203372569,2.5877528120291706,-0.008830469499420636,-3.789151553880288,-0.0011287072618453551,-0.4750380325588317,-0.005596351778067148,-2.7003657876857803,0.0014546297188887441,1.7018010199062685,fama_macbeth,,,,,,,,,,,
,60.0,,,,,,,,,,,,,,,oos_split,breadth,"In-Sample
(2015-2020)",0.06803622922085749,0.609289058333614,4.719532751904973,0.7166666666666667,,,,,
,60.0,,,,,,,,,,,,,,,oos_split,breadth,"Out-of-Sample
(2021-2025)",0.009922587320447596,0.07760540954939894,0.6011289175208563,0.4666666666666667,,,,,
,60.0,,,,,,,,,,,,,,,oos_split,recognition_spread,"In-Sample
(2015-2020)",0.0028730915923762344,0.05702304891914469,0.44169863762763645,0.5,,,,,
,60.0,,,,,,,,,,,,,,,oos_split,recognition_spread,"Out-of-Sample
(2021-2025)",0.013803883257226594,0.20622053058489626,1.597377361202721,0.6166666666666667,,,,,
,60.0,,,,,,,,,,,,,,,oos_split,hidden_ratio,"In-Sample
(2015-2020)",0.031456803561155745,0.3647623249664277,2.8254368198377446,0.6833333333333333,,,,,
,60.0,,,,,,,,,,,,,,,oos_split,hidden_ratio,"Out-of-Sample
(2021-2025)",-0.007124252693104978,-0.06992003103731975,-0.5415982315476903,0.48333333333333334,,,,,
,,,,,,,,,,,,,,,,correlation,,,,,,,Breadth,HiddenRatio,0.1006073167950387,,
,,,,,,,,,,,,,,,,correlation,,,,,,,Breadth,RecogSpread,-0.06713904146463587,,
,,,,,,,,,,,,,,,,correlation,,,,,,,Breadth,VisibleBreadth,-0.014605988287753838,,
,,,,,,,,,,,,,,,,correlation,,,,,,,Breadth,Size(ln),0.18703242119739813,,
,,,,,,,,,,,,,,,,correlation,,,,,,,Breadth,BM,1.0,,
,,,,,,,,,,,,,,,,correlation,,,,,,,Breadth,Mom(12m),-0.059234075504310486,,
,,,,,,,,,,,,,,,,correlation,,,,,,,Breadth,Vol(12m),-0.21014486698353502,,
,,,,,,,,,,,,,,,,correlation,,,,,,,Breadth,ROA,-0.0516172995767656,,
,,,,,,,,,,,,,,,,correlation,,,,,,,HiddenRatio,RecogSpread,0.19932168503902856,,
,,,,,,,,,,,,,,,,correlation,,,,,,,HiddenRatio,VisibleBreadth,0.6823057144307304,,
,,,,,,,,,,,,,,,,correlation,,,,,,,HiddenRatio,Size(ln),0.6014678121723082,,
,,,,,,,,,,,,,,,,correlation,,,,,,,HiddenRatio,BM,0.06594586934443553,,
,,,,,,,,,,,,,,,,correlation,,,,,,,HiddenRatio,Mom(12m),0.10057374326245229,,
,,,,,,,,,,,,,,,,correlation,,,,,,,HiddenRatio,Vol(12m),-0.046406317060002415,,
,,,,,,,,,,,,,,,,correlation,,,,,,,HiddenRatio,ROA,0.26229392896093734,,
,,,,,,,,,,,,,,,,correlation,,,,,,,RecogSpread,VisibleBreadth,-0.44322145004124175,,
,,,,,,,,,,,,,,,,correlation,,,,,,,RecogSpread,Size(ln),0.47127975841029507,,
,,,,,,,,,,,,,,,,correlation,,,,,,,RecogSpread,BM,0.1006073167950387,,
,,,,,,,,,,,,,,,,correlation,,,,,,,RecogSpread,Mom(12m),0.036975263956790655,,
,,,,,,,,,,,,,,,,correlation,,,,,,,RecogSpread,Vol(12m),-0.025788568003465677,,
,,,,,,,,,,,,,,,,correlation,,,,,,,RecogSpread,ROA,0.03744702453012052,,
,,,,,,,,,,,,,,,,correlation,,,,,,,VisibleBreadth,Size(ln),0.09888255988560186,,
,,,,,,,,,,,,,,,,correlation,,,,,,,VisibleBreadth,BM,-0.059234075504310486,,
,,,,,,,,,,,,,,,,correlation,,,,,,,VisibleBreadth,Mom(12m),1.0,,
,,,,,,,,,,,,,,,,correlation,,,,,,,VisibleBreadth,Vol(12m),0.47968290481432696,,
,,,,,,,,,,,,,,,,correlation,,,,,,,VisibleBreadth,ROA,0.07327906160398574,,
,,,,,,,,,,,,,,,,correlation,,,,,,,Size(ln),BM,-0.06713904146463587,,
,,,,,,,,,,,,,,,,correlation,,,,,,,Size(ln),Mom(12m),0.009874973738544192,,
,,,,,,,,,,,,,,,,correlation,,,,,,,Size(ln),Vol(12m),0.005563142514684914,,
,,,,,,,,,,,,,,,,correlation,,,,,,,Size(ln),ROA,0.09381310948611296,,
,,,,,,,,,,,,,,,,correlation,,,,,,,BM,Mom(12m),0.07327906160398574,,
,,,,,,,,,,,,,,,,correlation,,,,,,,BM,Vol(12m),-0.06499023441938069,,
,,,,,,,,,,,,,,,,correlation,,,,,,,BM,ROA,1.0,,
,,,,,,,,,,,,,,,,correlation,,,,,,,Mom(12m),Vol(12m),-0.11737748016796729,,
,,,,,,,,,,,,,,,,correlation,,,,,,,Mom(12m),ROA,0.2206174364491675,,
,,,,,,,,,,,,,,,,correlation,,,,,,,Vol(12m),ROA,0.21022422919457015,,
,,,,,,,,,,,,,,,,yearly_ic,breadth,,,,,,,,,2016.0,0.01552913518872507
,,,,,,,,,,,,,,,,yearly_ic,hidden_ratio,,,,,,,,,2016.0,-0.020892880489878418
,,,,,,,,,,,,,,,,yearly_ic,recognition_spread,,,,,,,,,2016.0,0.02663580018070987
,,,,,,,,,,,,,,,,yearly_ic,visible_breadth,,,,,,,,,2016.0,0.02702948666044418
,,,,,,,,,,,,,,,,yearly_ic,size_ln,,,,,,,,,2016.0,0.0045035984523240655
,,,,,,,,,,,,,,,,yearly_ic,bm,,,,,,,,,2016.0,0.04928594496197145
,,,,,,,,,,,,,,,,yearly_ic,mom_12m,,,,,,,,,2016.0,-0.0782698837409939
,,,,,,,,,,,,,,,,yearly_ic,vol_12m,,,,,,,,,2016.0,-0.08186475719029214
,,,,,,,,,,,,,,,,yearly_ic,breadth,,,,,,,,,2017.0,0.14340901239423876
,,,,,,,,,,,,,,,,yearly_ic,hidden_ratio,,,,,,,,,2017.0,0.09169141024911492
,,,,,,,,,,,,,,,,yearly_ic,recognition_spread,,,,,,,,,2017.0,-0.02252941671816808
,,,,,,,,,,,,,,,,yearly_ic,visible_breadth,,,,,,,,,2017.0,0.05306825835994711
,,,,,,,,,,,,,,,,yearly_ic,size_ln,,,,,,,,,2017.0,0.18520376970581928
,,,,,,,,,,,,,,,,yearly_ic,bm,,,,,,,,,2017.0,0.05618025765899917
,,,,,,,,,,,,,,,,yearly_ic,mom_12m,,,,,,,,,2017.0,0.06914393674788634
,,,,,,,,,,,,,,,,yearly_ic,vol_12m,,,,,,,,,2017.0,-0.10207423305313008
,,,,,,,,,,,,,,,,yearly_ic,breadth,,,,,,,,,2018.0,0.04332527810477773
,,,,,,,,,,,,,,,,yearly_ic,hidden_ratio,,,,,,,,,2018.0,0.027898889307660116
,,,,,,,,,,,,,,,,yearly_ic,recognition_spread,,,,,,,,,2018.0,-0.006168437561228574
,,,,,,,,,,,,,,,,yearly_ic,visible_breadth,,,,,,,,,2018.0,0.017477523396209293
,,,,,,,,,,,,,,,,yearly_ic,size_ln,,,,,,,,,2018.0,0.0654460624658561
,,,,,,,,,,,,,,,,yearly_ic,bm,,,,,,,,,2018.0,0.028446461178384567
,,,,,,,,,,,,,,,,yearly_ic,mom_12m,,,,,,,,,2018.0,-0.003237093264064126
,,,,,,,,,,,,,,,,yearly_ic,vol_12m,,,,,,,,,2018.0,-0.0781416259273274
,,,,,,,,,,,,,,,,yearly_ic,breadth,,,,,,,,,2019.0,0.06553501973864019
,,,,,,,,,,,,,,,,yearly_ic,hidden_ratio,,,,,,,,,2019.0,0.0354062595766353
,,,,,,,,,,,,,,,,yearly_ic,recognition_spread,,,,,,,,,2019.0,0.0004220814656133627
,,,,,,,,,,,,,,,,yearly_ic,visible_breadth,,,,,,,,,2019.0,0.03283106887904583
,,,,,,,,,,,,,,,,yearly_ic,size_ln,,,,,,,,,2019.0,0.07013615142694854
,,,,,,,,,,,,,,,,yearly_ic,bm,,,,,,,,,2019.0,-0.029855150414950973
,,,,,,,,,,,,,,,,yearly_ic,mom_12m,,,,,,,,,2019.0,-0.017856731178101343
,,,,,,,,,,,,,,,,yearly_ic,vol_12m,,,,,,,,,2019.0,-0.01823309113030133
,,,,,,,,,,,,,,,,yearly_ic,breadth,,,,,,,,,2020.0,0.07238270067790577
,,,,,,,,,,,,,,,,yearly_ic,hidden_ratio,,,,,,,,,2020.0,0.02318033916224677
,,,,,,,,,,,,,,,,yearly_ic,recognition_spread,,,,,,,,,2020.0,0.016005430594954597
,,,,,,,,,,,,,,,,yearly_ic,visible_breadth,,,,,,,,,2020.0,0.04924197566489391
,,,,,,,,,,,,,,,,yearly_ic,size_ln,,,,,,,,,2020.0,0.07303432748250456
,,,,,,,,,,,,,,,,yearly_ic,bm,,,,,,,,,2020.0,-0.015132372125692331
,,,,,,,,,,,,,,,,yearly_ic,mom_12m,,,,,,,,,2020.0,0.02202599182904835
,,,,,,,,,,,,,,,,yearly_ic,vol_12m,,,,,,,,,2020.0,-0.019039778023559203
,,,,,,,,,,,,,,,,yearly_ic,breadth,,,,,,,,,2021.0,0.0049745459934198745
,,,,,,,,,,,,,,,,yearly_ic,hidden_ratio,,,,,,,,,2021.0,-0.0033578097098812295
,,,,,,,,,,,,,,,,yearly_ic,recognition_spread,,,,,,,,,2021.0,0.010067771704217458
,,,,,,,,,,,,,,,,yearly_ic,visible_breadth,,,,,,,,,2021.0,0.00991027890622862
,,,,,,,,,,,,,,,,yearly_ic,size_ln,,,,,,,,,2021.0,-0.003982509960622915
,,,,,,,,,,,,,,,,yearly_ic,bm,,,,,,,,,2021.0,-0.008112682448989682
,,,,,,,,,,,,,,,,yearly_ic,mom_12m,,,,,,,,,2021.0,-0.044543470328962664
,,,,,,,,,,,,,,,,yearly_ic,vol_12m,,,,,,,,,2021.0,-0.052964980390138826
,,,,,,,,,,,,,,,,yearly_ic,breadth,,,,,,,,,2022.0,0.013076454904413762
,,,,,,,,,,,,,,,,yearly_ic,hidden_ratio,,,,,,,,,2022.0,-0.0036058637783290873
,,,,,,,,,,,,,,,,yearly_ic,recognition_spread,,,,,,,,,2022.0,0.015737405346682016
,,,,,,,,,,,,,,,,yearly_ic,visible_breadth,,,,,,,,,2022.0,0.015932786409305514
,,,,,,,,,,,,,,,,yearly_ic,size_ln,,,,,,,,,2022.0,0.01004171873005275
,,,,,,,,,,,,,,,,yearly_ic,bm,,,,,,,,,2022.0,0.027508564190561607
,,,,,,,,,,,,,,,,yearly_ic,mom_12m,,,,,,,,,2022.0,-0.038370197871563684
,,,,,,,,,,,,,,,,yearly_ic,vol_12m,,,,,,,,,2022.0,-0.06760373621548495
,,,,,,,,,,,,,,,,yearly_ic,breadth,,,,,,,,,2023.0,-0.020935434312325613
,,,,,,,,,,,,,,,,yearly_ic,hidden_ratio,,,,,,,,,2023.0,-0.027246666667731772
,,,,,,,,,,,,,,,,yearly_ic,recognition_spread,,,,,,,,,2023.0,0.007130947999014803
,,,,,,,,,,,,,,,,yearly_ic,visible_breadth,,,,,,,,,2023.0,-0.005299634357487791
,,,,,,,,,,,,,,,,yearly_ic,size_ln,,,,,,,,,2023.0,-0.0361289286840902
,,,,,,,,,,,,,,,,yearly_ic,bm,,,,,,,,,2023.0,-0.046861682996953424
,,,,,,,,,,,,,,,,yearly_ic,mom_12m,,,,,,,,,2023.0,-0.056356446038926145
,,,,,,,,,,,,,,,,yearly_ic,vol_12m,,,,,,,,,2023.0,-0.08038460174257352
,,,,,,,,,,,,,,,,yearly_ic,breadth,,,,,,,,,2024.0,0.07706346295186271
,,,,,,,,,,,,,,,,yearly_ic,hidden_ratio,,,,,,,,,2024.0,0.04452756045487229
,,,,,,,,,,,,,,,,yearly_ic,recognition_spread,,,,,,,,,2024.0,0.00927473921974234
,,,,,,,,,,,,,,,,yearly_ic,visible_breadth,,,,,,,,,2024.0,0.04181523647338148
,,,,,,,,,,,,,,,,yearly_ic,size_ln,,,,,,,,,2024.0,0.10172969638426832
,,,,,,,,,,,,,,,,yearly_ic,bm,,,,,,,,,2024.0,0.003074056242890994
,,,,,,,,,,,,,,,,yearly_ic,mom_12m,,,,,,,,,2024.0,-0.03894808694552592
,,,,,,,,,,,,,,,,yearly_ic,vol_12m,,,,,,,,,2024.0,-0.07696986503935381
,,,,,,,,,,,,,,,,yearly_ic,breadth,,,,,,,,,2025.0,-0.024566092935132764
,,,,,,,,,,,,,,,,yearly_ic,hidden_ratio,,,,,,,,,2025.0,-0.045938483764455085
,,,,,,,,,,,,,,,,yearly_ic,recognition_spread,,,,,,,,,2025.0,0.02680855201647635
,,,,,,,,,,,,,,,,yearly_ic,visible_breadth,,,,,,,,,2025.0,0.00951248527622553
,,,,,,,,,,,,,,,,yearly_ic,size_ln,,,,,,,,,2025.0,-0.0730188172800821
,,,,,,,,,,,,,,,,yearly_ic,bm,,,,,,,,,2025.0,-0.076761204743222
,,,,,,,,,,,,,,,,yearly_ic,mom_12m,,,,,,,,,2025.0,-0.0450729438472428
,,,,,,,,,,,,,,,,yearly_ic,vol_12m,,,,,,,,,2025.0,-0.021557953335673175
